time;ax (m/s^2);ay (m/s^2);az (m/s^2);aT (m/s^2)
0,001917;-0,0338;0,0034;-0,0872;0,094
0,002798;-0,0171;0,0014;-0,0920;0,094
0,008583;-0,0553;-0,0100;-0,0331;0,065
0,010248;-0,0434;-0,0450;0,0465;0,078
0,018636;-0,0340;-0,0654;0,1255;0,146
0,022175;-0,0625;-0,0740;0,1068;0,144
0,026320;-0,0409;-0,0967;0,0956;0,142
0,030614;-0,0076;-0,0886;0,0682;0,112
0,036686;0,0517;-0,0973;0,0675;0,129
0,042091;0,0845;-0,0941;-0,0256;0,129
0,045672;0,0224;-0,0341;-0,1058;0,113
0,050372;-0,1125;0,0586;-0,1354;0,186
0,057092;-0,3582;0,2811;-0,0981;0,466
0,062131;-0,2275;0,2905;-0,1090;0,385
0,066748;-0,1672;0,3166;-0,2080;0,414
0,069912;-0,0503;0,2738;-0,2781;0,393
0,075055;0,0352;0,2244;-0,3194;0,392
0,088342;0,0563;0,1448;-0,2897;0,329
0,089427;0,0300;0,0686;-0,2681;0,278
0,090014;0,0182;0,0028;-0,2616;0,262
0,096287;-0,0247;-0,0288;-0,2465;0,249
0,102181;0,0297;-0,0409;-0,1372;0,146
0,107101;0,0762;-0,0338;-0,1314;0,156
0,110307;0,1819;-0,0764;-0,1496;0,248
0,115435;0,2897;-0,0950;-0,2506;0,395
0,120398;0,3762;-0,1655;-0,3486;0,539
0,126167;0,4061;-0,1497;-0,3912;0,583
0,131986;0,3679;-0,0913;-0,3766;0,534
0,134566;0,2476;-0,0403;-0,2839;0,379
0,140730;0,1001;0,0032;-0,2371;0,257
0,146168;-0,0537;0,0820;-0,0984;0,139
0,149134;-0,5256;0,3881;0,3308;0,732
0,153888;-0,7904;0,5728;0,4855;1,090
0,163437;-0,6712;0,4616;0,4866;0,949
0,165848;-0,4746;0,3821;0,4420;0,753
0,169335;-0,2289;0,2084;0,2050;0,371
0,174161;-0,0405;0,0341;0,0119;0,054
0,191500;0,1489;-0,1382;-0,0999;0,226
0,193372;0,2851;-0,2091;-0,1210;0,374
0,194459;0,3380;-0,3148;0,0620;0,466
0,195181;0,3537;-0,4078;0,2486;0,594
0,212111;0,3512;-0,4720;0,3089;0,664
0,214082;0,3399;-0,4291;0,2748;0,613
0,214798;0,3128;-0,3585;0,2016;0,517
0,215359;0,3034;-0,2936;0,1655;0,454
0,220312;0,1999;-0,1964;0,1092;0,301
0,226883;0,0930;-0,1334;0,0897;0,186
0,229881;0,0279;-0,0713;0,1209;0,143
0,233430;-0,0080;-0,0192;0,0998;0,102
0,241870;-0,0153;0,0085;0,0841;0,086
0,246152;-0,0324;-0,0045;0,1302;0,134
0,248738;-0,0616;0,0183;0,1402;0,154
0,254108;-0,0719;0,0314;0,2236;0,237
0,260042;-0,0324;0,0373;0,3018;0,306
0,264844;0,0162;0,0476;0,2965;0,301
0,268904;-0,0235;0,0744;0,2773;0,288
0,273890;-0,0370;0,1054;0,2991;0,319
0,289287;-0,0267;0,1313;0,2784;0,309
0,290445;-0,0426;0,1210;0,2180;0,253
0,290965;-0,0632;0,1082;0,1683;0,210
0,293900;-0,0599;0,0715;0,0909;0,130
0,299877;-0,0281;0,0421;0,0572;0,076
0,305137;-0,0629;-0,0132;0,0596;0,088
0,309366;0,0616;-0,0088;0,0242;0,067
0,313717;0,0192;-0,0138;-0,0016;0,024
0,318993;0,0127;-0,0306;-0,0156;0,037
0,323043;-0,0389;-0,0566;-0,0772;0,103
0,330607;-0,0996;-0,0657;-0,1242;0,172
0,332996;-0,1270;-0,1101;-0,1308;0,213
0,338949;-0,1234;-0,1280;-0,1092;0,209
0,347606;-0,0987;-0,1719;-0,0068;0,198
0,350487;-0,0530;-0,1539;0,0213;0,164
0,353308;-0,0484;-0,1742;0,0330;0,184
0,359109;0,0911;-0,1755;0,0069;0,198
0,363908;0,3148;-0,2006;-0,1329;0,396
0,369054;0,5230;-0,1660;-0,1839;0,579
0,372731;0,3670;-0,1765;-0,2729;0,490
0,391039;0,1011;-0,0892;-0,3380;0,364
0,393135;-0,1125;-0,0141;-0,3916;0,408
0,393676;-0,1744;0,0963;-0,5309;0,567
0,394283;-0,2928;0,1399;-0,5825;0,667
0,399445;-0,4485;0,1529;-0,6184;0,779
0,404710;-0,6344;0,1024;-0,6365;0,904
0,408000;-0,6270;0,0957;-0,5966;0,871
0,412870;-0,3493;0,1419;-0,4254;0,568
0,417940;-0,1263;0,1452;-0,0640;0,203
0,423531;0,0520;0,2008;0,2731;0,343
0,429939;0,0720;0,2058;0,5247;0,568
0,433229;0,0388;0,1605;0,7182;0,737
0,438548;0,1641;0,0579;0,8021;0,821
0,443533;0,3808;-0,0231;0,8439;0,926
0,448504;0,5456;-0,0781;0,7158;0,903
0,451671;0,5358;-0,1189;0,5237;0,759
0,457608;0,5411;-0,1124;0,3652;0,662
0,474043;0,5045;-0,0612;0,2182;0,553
0,475402;0,5024;-0,0035;0,1635;0,528
0,476213;0,3375;0,0725;0,1524;0,377
0,478347;0,2151;0,1358;0,1278;0,285
0,483733;0,1036;0,1840;0,0801;0,226
0,488422;0,0573;0,1913;-0,0119;0,200
0,491943;0,0497;0,0918;-0,0557;0,118
0,498254;0,0565;0,0193;-0,1088;0,124
0,504902;0,1133;-0,0834;-0,0903;0,167
0,507614;0,1890;-0,1638;-0,0412;0,253
0,511760;0,2169;-0,1984;0,0383;0,296
0,516859;0,2303;-0,2494;0,1293;0,363
0,521782;0,1320;-0,2978;0,1416;0,355
0,527987;0,3006;-0,2107;0,1399;0,393
0,533008;0,2330;-0,1578;0,2361;0,367
0,538877;0,0519;-0,0794;0,2584;0,275
0,544032;-0,0118;0,0028;0,2572;0,258
0,547720;-0,0162;0,0793;0,2327;0,246
0,552614;-0,0281;0,1028;0,1682;0,199
0,556956;-0,0875;0,0834;0,0806;0,145
0,561551;0,0101;0,0666;-0,0065;0,068
0,575535;0,0120;0,0525;-0,0504;0,074
0,577408;-0,0260;0,0054;-0,0491;0,056
0,578032;0,0292;-0,0151;-0,0267;0,042
0,582170;0,1462;-0,0661;-0,0616;0,172
0,586769;0,1725;-0,1286;-0,1057;0,240
0,590886;0,1586;-0,1667;-0,1329;0,266
0,596862;0,1738;-0,1783;-0,1292;0,281
0,601806;0,2107;-0,1616;-0,0822;0,278
0,607518;0,1623;-0,1094;-0,1302;0,235
0,610410;0,0743;-0,0364;-0,1326;0,156
0,617106;0,0085;-0,0021;-0,1016;0,102
0,622095;-0,1139;0,0533;-0,1300;0,181
0,626537;-0,1974;0,0892;-0,0848;0,233
0,630492;-0,2142;0,1226;-0,0971;0,265
0,636657;-0,1956;0,1463;-0,1000;0,264
0,641750;-0,2060;0,1699;-0,0771;0,278
0,646598;-0,2497;0,1388;-0,1045;0,304
0,650299;-0,2341;0,1366;-0,0942;0,287
0,656841;-0,2072;0,0752;-0,0841;0,236
0,660187;-0,1475;0,0405;-0,0601;0,164
0,667348;-0,0957;0,0014;-0,0435;0,105
0,670079;-0,0824;-0,0326;-0,0106;0,089
0,676796;-0,0336;-0,0356;-0,0585;0,076
0,692898;0,0172;-0,0504;-0,0917;0,106
0,694950;0,0228;-0,0412;-0,1295;0,138
0,695667;0,0452;0,0107;-0,1720;0,178
0,696300;0,0820;0,0076;-0,1690;0,188
0,714076;0,0523;0,0546;-0,1853;0,200
0,715557;-0,1432;0,1250;-0,2041;0,279
0,716132;-0,3232;0,1926;-0,1471;0,404
0,716585;-0,2771;0,2145;-0,0362;0,352
0,719358;-0,1585;0,1627;0,0714;0,238
0,725500;-0,0865;0,0732;0,1615;0,197
0,730358;-0,0414;-0,0321;0,1440;0,153
0,734589;-0,0109;-0,0916;0,1008;0,137
0,741235;0,0384;-0,1246;0,0368;0,135
0,747065;0,0165;-0,1455;-0,0002;0,146
0,749374;0,0544;-0,1450;0,0202;0,156
0,754211;0,0757;-0,1303;-0,0234;0,152
0,759722;0,0258;-0,0635;-0,0735;0,101
0,776890;-0,0094;-0,0567;-0,0877;0,105
0,778604;-0,0304;0,0236;-0,0993;0,107
0,779218;-0,0130;0,0560;-0,1587;0,169
0,780614;-0,0006;0,0717;-0,1372;0,155
0,785695;0,0165;0,0518;-0,1117;0,124
0,789408;0,0456;0,1155;-0,1011;0,160
0,794608;-0,0013;0,0932;-0,0244;0,096
0,801486;-0,0217;0,0736;-0,0316;0,083
0,805569;0,0082;0,0544;0,0109;0,056
0,809479;0,0498;0,0780;0,0363;0,099
0,814395;0,0058;0,0636;0,0401;0,075
0,821392;-0,0284;0,0872;0,0178;0,093
0,824838;-0,0194;0,1035;0,0051;0,105
0,831511;-0,0771;0,1458;-0,0051;0,165
0,834478;-0,1321;0,1758;-0,0412;0,224
0,841141;-0,1442;0,1793;-0,0769;0,243
0,848900;-0,1351;0,1472;-0,1002;0,224
0,850923;-0,1097;0,1175;-0,0972;0,188
0,853825;-0,0777;0,0692;-0,0561;0,118
0,860580;-0,0412;0,0093;-0,0320;0,053
0,864555;0,0094;-0,0501;-0,0554;0,075
0,870014;0,0407;-0,1114;-0,0313;0,123
0,874522;0,0506;-0,1460;0,0616;0,166
0,883688;0,0677;-0,1780;0,0611;0,200
0,885089;0,0302;-0,2026;0,0772;0,219
0,888321;0,0168;-0,1770;0,0766;0,194
0,893626;-0,0178;-0,1588;0,0710;0,175
0,901540;0,0002;-0,1216;0,0891;0,151
0,906113;-0,0199;-0,0919;0,0430;0,103
0,909228;-0,0254;-0,0672;0,0497;0,087
0,915525;-0,0758;-0,0047;0,0206;0,079
0,918721;-0,0879;0,0525;-0,0107;0,103
0,925892;-0,1095;0,0736;-0,0462;0,140
0,929455;-0,1356;0,0920;0,0017;0,164
0,934141;-0,1050;0,1221;-0,0123;0,161
0,940880;-0,1223;0,1138;-0,0046;0,167
0,945384;-0,1253;0,1101;0,0010;0,167
0,949579;-0,1427;0,0589;-0,0170;0,155
0,953344;-0,0936;0,0034;-0,0490;0,106
0,959700;-0,1208;-0,0470;-0,0832;0,154
0,965902;-0,0765;-0,0850;-0,1172;0,164
0,968277;-0,0966;-0,1224;-0,0896;0,180
0,973108;-0,0573;-0,1096;-0,0696;0,142
0,984081;0,0078;-0,0754;-0,0168;0,078
0,985201;0,0366;-0,0674;-0,0028;0,077
0,989456;0,0437;-0,0286;0,0157;0,055
0,995444;0,0126;-0,0209;0,0053;0,025
1,000997;0,0337;-0,0394;0,0045;0,052
1,004542;0,0261;-0,0032;0,0348;0,044
1,009473;0,0540;0,0421;0,0103;0,069
1,013512;-0,0060;0,0584;-0,0231;0,063
1,019336;-0,0012;0,0557;-0,0303;0,063
1,024440;0,0063;0,0860;-0,0252;0,090
1,028913;-0,0289;0,0924;-0,0295;0,101
1,033740;-0,0611;0,0915;-0,0098;0,110
1,038984;-0,0909;0,0478;0,0144;0,104
1,043588;-0,0850;0,0212;0,0408;0,097
1,049534;-0,0411;0,0090;0,0052;0,042
1,052826;-0,0214;-0,0672;0,0007;0,070
1,059110;-0,0115;-0,0548;0,0554;0,079
1,065305;0,0363;-0,0258;0,0526;0,069
1,067451;0,0788;-0,0255;0,0804;0,115
1,073185;0,0712;-0,0276;0,0916;0,119
1,078621;0,0707;0,0106;0,1050;0,127
1,087966;0,0914;0,0366;0,1066;0,145
1,089654;0,0906;0,0766;0,0797;0,143
1,092416;0,0473;0,0758;0,0604;0,108
1,101399;0,0208;0,0822;0,0412;0,094
1,103702;-0,0151;0,1121;0,0010;0,113
1,106910;-0,0245;0,1347;-0,0459;0,144
1,112783;-0,0644;0,1167;-0,0688;0,150
1,117425;-0,0899;0,0823;-0,0868;0,150
1,121442;-0,0629;0,0909;-0,1022;0,151
1,128354;-0,0478;0,0378;-0,1035;0,120
1,132386;-0,0733;-0,0124;-0,1287;0,149
1,137622;-0,0557;-0,0312;-0,0732;0,097
1,142955;-0,0526;-0,0331;-0,0611;0,087
1,147752;-0,0449;-0,0705;-0,0374;0,092
1,151355;-0,0326;-0,0769;-0,0160;0,085
1,157469;-0,0134;-0,0809;0,0646;0,104
1,165484;0,0482;-0,0825;0,0472;0,107
1,167301;0,0714;-0,0533;0,0705;0,114
1,171255;0,0919;-0,0648;0,0487;0,123
1,179370;0,1004;-0,0406;0,0342;0,114
1,189450;0,0663;-0,0190;0,0175;0,071
1,191593;0,0730;-0,0309;0,0106;0,080
1,192868;0,0323;0,0238;-0,0010;0,040
1,204124;0,0016;0,0259;-0,0363;0,045
1,205803;0,0023;0,0327;-0,0856;0,092
1,208338;-0,0564;0,0442;-0,0940;0,118
1,211154;-0,1029;0,0461;-0,0787;0,137
1,218735;-0,0943;0,0527;-0,1037;0,150
1,221798;-0,0812;0,0070;-0,1072;0,135
1,226760;-0,0517;0,0091;-0,0868;0,101
1,231484;0,0178;-0,0222;-0,0283;0,040
1,237761;0,0369;-0,0318;-0,0083;0,049
1,242284;0,0581;-0,0510;0,0093;0,078
1,247634;0,0577;-0,0462;0,0648;0,098
1,252353;0,0455;-0,1033;0,0320;0,117
1,258122;0,0714;-0,1052;0,0231;0,129
1,263024;0,0662;-0,1259;0,0021;0,142
1,268808;0,0610;-0,1345;0,0094;0,148
1,271073;0,0463;-0,0574;0,0331;0,081
1,276821;0,0671;-0,0639;0,0776;0,121
1,283193;0,0094;-0,0181;0,0600;0,063
1,287689;0,0255;0,0202;0,0663;0,074
1,291085;0,0769;-0,0084;0,0678;0,103
1,297535;0,0971;0,0060;0,0599;0,114
1,302002;0,0890;-0,0130;0,0379;0,098
1,308554;0,0549;0,0036;0,0593;0,081
1,312160;0,0973;-0,0228;0,1020;0,143
1,315627;0,0470;-0,0017;0,1163;0,125
1,320603;-0,0266;0,0049;0,1452;0,148
1,326681;-0,0856;0,0374;0,1218;0,154
1,332334;-0,0802;0,0528;0,0752;0,122
1,337777;-0,0916;0,0373;0,0716;0,122
1,342309;-0,0224;0,0242;0,0682;0,076
1,349245;-0,1011;0,0231;0,0527;0,116
1,351299;-0,1033;0,0220;0,0327;0,111
1,357018;-0,0604;0,0233;0,0224;0,069
1,361544;-0,0395;0,0032;0,0074;0,040
1,366938;-0,0711;-0,0025;-0,0003;0,071
1,370389;-0,0003;-0,0129;-0,0554;0,057
1,375151;-0,0107;-0,0328;-0,0909;0,097
1,386678;-0,0044;-0,0454;-0,1000;0,110
1,388181;-0,0123;-0,0817;-0,0970;0,127
1,389743;-0,0035;-0,0631;-0,1201;0,136
1,394666;-0,0087;-0,0612;-0,1454;0,158
1,401875;-0,0374;-0,0236;-0,1329;0,140
1,406203;-0,0612;-0,0385;-0,0897;0,115
1,409578;-0,0775;-0,0104;-0,0779;0,110
1,415424;-0,0842;0,0082;-0,0809;0,117
1,420763;-0,1100;0,0100;-0,0080;0,111
1,425406;-0,1143;0,0214;0,0308;0,120
1,429105;-0,0998;0,0422;0,0860;0,138
1,435268;-0,0715;0,0318;0,0719;0,106
1,440766;-0,0626;0,0596;0,0721;0,113
1,445852;-0,0467;0,0585;0,0251;0,079
1,449881;-0,0096;0,0027;-0,0095;0,014
1,454072;0,0272;0,0021;-0,0272;0,039
1,460832;0,0520;-0,0104;-0,0188;0,056
1,471096;0,0744;-0,0584;0,0087;0,095
1,472873;0,1230;-0,0800;0,0243;0,149
1,473774;0,1811;-0,0492;0,0684;0,200
1,486546;-0,0979;-0,0877;0,0912;0,160
1,487928;-0,0471;-0,0571;0,0523;0,091
1,488975;0,0745;-0,0529;0,0471;0,103
1,494927;0,0911;-0,0369;0,0373;0,105
1,501184;0,0295;-0,0425;0,0230;0,057
1,505907;0,0186;-0,0243;0,0706;0,077
1,508682;0,0220;-0,0087;0,1038;0,106
1,514225;-0,0031;0,0306;0,1745;0,177
1,519546;-0,0233;0,0505;0,1925;0,200
1,526918;-0,0817;0,0536;0,1604;0,188
1,529726;-0,1067;0,0615;0,1571;0,200
1,533840;-0,1009;0,0359;0,1230;0,163
1,541678;-0,0883;0,0320;0,0821;0,125
1,546268;-0,0975;0,0233;0,0153;0,101
1,551054;-0,1044;0,0313;-0,0224;0,111
1,553992;-0,1161;-0,0034;-0,0838;0,143
1,561212;-0,0922;-0,0092;-0,0976;0,135
1,567237;-0,1113;-0,0099;-0,1378;0,177
1,569656;-0,1184;0,0132;-0,1092;0,162
1,574871;-0,1397;0,0386;-0,0691;0,161
1,578124;-0,1088;0,0425;-0,0699;0,136
1,587753;-0,1021;0,0250;-0,0304;0,109
1,589833;-0,0881;0,0457;-0,0197;0,101
1,595530;-0,0959;0,0803;0,0194;0,127
1,603098;-0,0348;0,0482;-0,0058;0,060
1,605174;0,0138;0,0068;0,0429;0,046
1,609540;0,0382;0,0035;0,0727;0,082
1,615702;0,0506;0,0143;0,0907;0,105
1,618056;0,0988;0,0106;0,0474;0,110
1,624670;0,0851;0,0162;0,0168;0,088
1,629426;0,1028;0,0240;-0,0323;0,110
1,635308;0,0589;0,0318;-0,0714;0,098
1,637683;-0,0010;0,0442;-0,0840;0,095
1,643834;-0,0296;0,0187;-0,0755;0,083
1,649089;-0,0247;0,0150;-0,1125;0,116
1,655101;-0,0485;0,0233;-0,0381;0,066
1,658926;-0,0961;0,0034;-0,0408;0,104
1,674382;-0,0536;0,0241;-0,0108;0,060
1,675553;-0,0212;-0,0075;0,0376;0,044
1,676165;0,0368;-0,0386;-0,0121;0,055
1,678641;0,0467;-0,0433;0,0096;0,064
1,686945;0,0446;-0,0549;0,0308;0,077
1,690474;0,0567;-0,0402;0,0589;0,091
1,694294;0,0594;0,0052;0,0820;0,101
1,700074;0,0503;0,0287;0,0862;0,104
1,704632;0,0485;0,0542;0,0409;0,083
1,707716;0,0397;0,0865;0,0249;0,098
1,713701;0,0381;0,0234;-0,0476;0,065
1,717950;0,0486;0,0438;-0,0814;0,104
1,723099;0,0640;0,0285;-0,1054;0,127
1,729104;0,0579;0,0062;-0,0769;0,096
1,734498;0,0260;0,0078;-0,0392;0,048
1,738370;0,0206;-0,0213;-0,0186;0,035
1,744014;-0,0013;-0,0265;0,0114;0,029
1,750221;0,0268;-0,0245;0,0078;0,037
1,751875;0,0169;-0,0557;0,0444;0,073
1,756898;0,0451;-0,0201;0,0452;0,067
1,764543;0,0421;-0,0062;0,0578;0,072
1,770000;0,0652;0,0147;0,0608;0,090
1,771536;0,0146;0,0710;0,0591;0,094
1,778550;0,0187;0,0840;0,0196;0,088
1,787563;0,0131;0,1136;0,0160;0,115
1,789407;-0,0164;0,1357;-0,0516;0,146
1,791976;-0,0173;0,1458;-0,0642;0,160
1,796925;-0,0323;0,1583;-0,1457;0,218
1,803385;-0,0023;0,1897;-0,1198;0,224
1,808951;-0,0507;0,1545;-0,1228;0,204
1,811652;-0,0225;0,1529;-0,1402;0,209
1,816513;-0,0229;0,1538;-0,1409;0,210
1,822547;-0,0017;0,1096;-0,0801;0,136
1,827040;-0,0065;0,1062;-0,0627;0,124
1,833700;0,0028;0,1005;-0,0857;0,132
1,836540;0,0217;0,0973;-0,0685;0,121
1,842461;0,0215;0,0943;-0,0991;0,138
1,846262;0,0497;0,0392;-0,1109;0,128
1,851113;0,0755;0,0369;-0,0705;0,110
1,856644;0,0939;0,0442;-0,1018;0,145
1,862626;0,0860;0,0253;-0,0759;0,117
1,873653;0,1234;0,0019;-0,0695;0,142
1,875554;0,1298;0,0168;-0,0727;0,150
1,876485;0,1527;-0,0207;-0,0522;0,163
1,881330;0,1284;-0,0293;-0,0770;0,153
1,889068;0,1282;-0,0639;-0,0493;0,151
1,891348;0,1211;-0,0270;-0,0837;0,150
1,896040;0,0882;-0,0545;-0,0371;0,110
1,902546;0,0391;-0,0509;0,0115;0,065
1,906843;-0,0121;-0,0852;-0,0258;0,090
1,910776;0,0037;-0,1097;-0,0013;0,110
1,916301;0,0094;-0,1032;0,0111;0,104
1,920640;0,0221;-0,1559;0,0468;0,164
1,926645;-0,0083;-0,1251;0,0918;0,155
1,930402;-0,0102;-0,1065;0,1246;0,164
1,935623;0,0352;-0,0976;0,1429;0,177
1,941740;0,0611;-0,1079;0,1542;0,198
1,947049;0,0583;-0,1134;0,1420;0,191
1,951066;0,0604;-0,0620;0,1252;0,152
1,955430;0,0413;-0,0752;0,1111;0,140
1,962249;0,0248;-0,0385;0,0974;0,108
1,972091;-0,0222;-0,0116;0,0364;0,044
1,973481;-0,0354;-0,0301;0,0353;0,058
1,975159;-0,0745;-0,0177;0,0344;0,084
1,986256;-0,0991;-0,0599;0,0240;0,118
1,988240;-0,0950;-0,0710;0,0280;0,122
1,991431;-0,0936;-0,0939;0,0251;0,135
1,994935;-0,0968;-0,0502;0,0080;0,109
2,001684;-0,0716;-0,0498;0,0031;0,087
2,006339;-0,0706;-0,0209;0,0128;0,075
2,010178;-0,0437;-0,0019;0,0250;0,050
2,017236;-0,0432;-0,0045;0,0301;0,053
2,021041;0,0047;-0,0381;-0,0002;0,038
2,024705;0,0308;-0,0311;-0,0135;0,046
2,030035;0,0115;0,0020;0,0065;0,013
2,034862;-0,0337;-0,0174;-0,0093;0,039
2,041107;0,0092;-0,0058;-0,0297;0,032
2,045246;0,0373;-0,0156;-0,0501;0,064
2,050801;0,0367;-0,0038;-0,0707;0,080
2,054735;0,0312;0,0294;-0,0675;0,080
2,059558;0,0235;0,0386;-0,0573;0,073
2,067226;0,0491;0,0192;-0,0901;0,104
2,069944;0,0840;0,0097;-0,1015;0,132
2,074525;0,0522;0,0050;-0,1247;0,135
2,081288;0,0420;-0,0304;-0,1147;0,126
2,089881;0,0533;-0,0489;-0,1122;0,133
2,091367;0,0500;-0,0457;-0,0717;0,099
2,094648;0,0729;-0,0379;-0,0649;0,105
2,105811;0,0575;-0,0373;-0,0509;0,085
2,107249;0,0849;-0,0461;-0,0631;0,115
2,109156;0,1144;-0,0573;-0,0419;0,135
2,113966;0,1224;-0,0328;-0,0328;0,131
2,119309;0,1354;0,0271;-0,0025;0,138
2,125248;0,1080;0,0653;0,0228;0,128
2,130412;0,0645;0,0556;0,0336;0,092
2,134421;0,0215;0,0509;0,0276;0,062
2,140589;-0,0021;0,0343;0,0476;0,059
2,145630;-0,0183;0,0561;0,0221;0,063
2,150713;0,0013;0,0326;0,0322;0,046
2,153843;-0,0244;0,0331;0,0326;0,052
2,160548;-0,0333;-0,0091;0,0401;0,053
2,173031;-0,0496;-0,0247;0,0425;0,070
2,174431;-0,0323;-0,0284;0,0544;0,069
2,175047;-0,0012;-0,0320;0,0663;0,074
2,181359;-0,0181;-0,0547;0,1351;0,147
2,185079;-0,0112;-0,0440;0,1133;0,122
2,189369;-0,0590;-0,0074;0,1015;0,118
2,193975;-0,0470;0,0096;0,0784;0,092
2,200773;-0,0542;0,0454;0,0297;0,077
2,205953;-0,0397;0,0142;0,0149;0,045
2,209875;-0,0109;0,0736;-0,0139;0,076
2,214541;-0,0250;0,0635;0,0408;0,080
2,220760;-0,0222;0,0795;0,0596;0,102
2,225721;-0,0267;0,0526;0,0737;0,094
2,230076;0,0212;0,0496;0,0782;0,095
2,233802;0,0330;0,0230;0,0469;0,062
2,240418;0,0091;0,0132;0,0776;0,079
2,245222;-0,0193;-0,0154;0,0224;0,033
2,252087;-0,0310;0,0465;-0,0158;0,058
2,253697;-0,0497;0,0341;0,0249;0,065
2,260909;-0,0586;0,0172;0,0273;0,067
2,265148;-0,0698;-0,0306;-0,0154;0,078
2,270475;-0,0716;0,0217;-0,0434;0,086
2,272728;-0,0496;0,0332;-0,0236;0,064
2,279340;-0,0208;-0,0051;-0,0612;0,065
2,290096;-0,0066;0,0091;-0,0773;0,078
2,291570;-0,0280;0,0019;-0,0695;0,075
2,292859;-0,0518;0,0234;-0,0502;0,076
2,305488;-0,0305;0,0684;-0,0477;0,089
2,306792;-0,0189;0,0490;-0,0454;0,069
2,307333;-0,0027;0,0202;-0,0170;0,027
2,312520;0,0061;0,0012;-0,0220;0,023
2,317428;0,0175;0,0227;0,0395;0,049
2,322561;-0,0333;0,0251;0,0506;0,066
2,328473;-0,0291;0,0154;0,0832;0,089
2,335161;-0,0179;-0,0560;0,1346;0,147
2,338790;0,0311;-0,1196;0,1712;0,211
2,345366;0,1010;-0,1637;0,2291;0,299
2,352511;0,1893;-0,2481;0,2228;0,383
2,354088;0,3443;-0,4221;0,0888;0,552
2,358553;0,4641;-0,6376;0,0184;0,789
2,364243;0,1301;-0,3529;0,2531;0,453
2,368969;-0,0900;-0,1232;0,3297;0,363
2,373938;-0,2806;0,0736;0,2468;0,381
2,379060;-0,4114;0,2355;0,1194;0,489
2,390027;-0,3617;0,2680;-0,0667;0,455
2,392260;-0,2556;0,2553;-0,1543;0,393
2,392919;-0,1073;0,1906;-0,2583;0,339
2,398142;0,0167;0,0460;-0,2644;0,269
2,406834;0,1167;-0,0569;-0,2921;0,320
2,408419;0,3552;-0,2917;-0,4407;0,637
2,412056;0,1114;-0,1779;-0,3838;0,437
2,418216;-0,1679;-0,0554;-0,2396;0,298
2,423858;-0,2578;0,1278;0,0813;0,299
2,428331;-0,1660;0,0221;0,2783;0,325
2,436257;0,0147;-0,0684;0,3833;0,390
2,438683;0,0596;-0,1131;0,4326;0,451
2,445155;0,0942;-0,1647;0,3988;0,442
2,448451;0,2352;-0,1899;0,2136;0,370
2,452468;0,2950;-0,1794;0,0018;0,345
2,457032;0,0679;-0,0858;-0,4599;0,473
2,463758;-0,2491;0,0785;-0,8541;0,893
2,468930;-0,2708;0,1992;-0,9731;1,030
2,472943;-0,2611;0,3027;-0,7216;0,825
2,477547;-0,2581;0,3344;-0,3872;0,573
2,481908;-0,2122;0,2708;-0,1908;0,393
2,488200;-0,0809;0,2218;-0,0383;0,239
2,492629;-0,0056;0,1471;0,1367;0,201
2,498181;-0,0621;0,0635;0,3410;0,352
2,504568;-0,1312;0,0421;0,5342;0,552
2,506300;-0,1680;0,0541;0,5431;0,571
2,512298;-0,1725;0,1655;0,5022;0,556
2,518936;-0,1184;0,1644;0,3997;0,448
2,521093;-0,0985;0,1324;0,2601;0,308
2,527640;0,0609;0,0722;0,1333;0,163
2,531698;0,1884;0,0625;0,0288;0,201
2,536915;0,2678;0,0552;0,0323;0,275
2,543600;0,2783;0,0692;-0,0378;0,289
2,548289;0,2892;0,1187;-0,1046;0,330
2,551601;0,2863;0,1535;-0,1587;0,362
2,556683;0,1654;0,1999;-0,2528;0,362
2,564366;0,0480;0,2175;-0,3343;0,402
2,568925;0,0124;0,0973;-0,2965;0,312
2,571001;0,0960;0,0280;-0,3044;0,320
2,576341;0,0555;-0,0594;-0,3078;0,318
2,582912;0,0180;-0,1104;-0,2594;0,283
2,593070;0,0261;-0,1203;-0,1858;0,223
2,595103;-0,0726;-0,1679;-0,0989;0,208
2,596076;0,0405;-0,1319;-0,0536;0,148
2,610938;0,0389;-0,0817;0,0765;0,119
2,612750;-0,0104;-0,0605;0,2055;0,215
2,613262;-0,0357;0,0269;0,2412;0,245
2,615164;-0,1393;0,0066;0,2268;0,266
2,622220;-0,2448;0,0242;0,2084;0,322
2,627113;-0,1838;0,0271;0,2406;0,304
2,630101;-0,0757;0,0060;0,2233;0,236
2,635662;-0,1016;-0,0318;0,2374;0,260
2,641478;-0,0513;-0,1241;0,1688;0,216
2,646429;0,0723;-0,1896;0,0986;0,226
2,651309;0,1194;-0,2260;0,1548;0,299
2,655170;0,1523;-0,2384;0,1845;0,338
2,661321;0,0783;-0,2175;0,1715;0,288
2,670485;0,0953;-0,1161;0,1135;0,188
2,672593;0,0339;-0,0749;-0,0176;0,084
2,675144;-0,0031;-0,0362;-0,1217;0,127
2,681902;-0,0229;0,0377;-0,1705;0,176
2,694315;-0,0139;0,0756;-0,2189;0,232
2,695556;-0,0118;0,1012;-0,2504;0,270
2,696188;-0,0569;0,1222;-0,3177;0,345
2,700204;-0,1157;0,1573;-0,3039;0,361
2,706494;-0,1455;0,1851;-0,2739;0,361
2,710729;-0,1824;0,1915;-0,1732;0,316
2,715343;-0,1479;0,1954;-0,0543;0,251
2,719648;-0,0783;0,1185;0,0493;0,150
2,726080;-0,0478;0,0754;0,1404;0,166
2,729557;-0,0344;-0,0102;0,2071;0,210
2,735625;-0,0357;-0,0619;0,2662;0,276
2,741704;-0,0019;-0,0753;0,2705;0,281
2,744927;0,0410;-0,1029;0,3437;0,361
2,753021;0,0905;-0,0901;0,3572;0,379
2,754847;0,0517;-0,1297;0,2973;0,328
2,761651;0,0156;-0,1288;0,2834;0,312
2,766909;0,0084;-0,1637;0,2175;0,272
2,771429;-0,0011;-0,1247;0,1407;0,188
2,774424;0,0015;-0,1100;0,1053;0,152
2,782381;-0,0221;-0,1051;0,0300;0,112
2,789326;-0,0503;-0,0931;-0,0731;0,129
2,791506;-0,0353;-0,0456;-0,0969;0,113
2,794214;-0,0463;0,0040;-0,1182;0,127
2,804506;-0,0524;0,0318;-0,0967;0,114
2,805673;-0,1819;0,0737;-0,1777;0,265
2,809847;-0,2441;0,1036;-0,2109;0,339
2,813563;-0,2327;0,0835;-0,1469;0,288
2,820570;-0,0959;0,0731;-0,0742;0,142
2,825528;-0,0413;0,0367;0,0834;0,100
2,830407;-0,0563;-0,0115;0,1689;0,178
2,834728;-0,0239;-0,0190;0,1327;0,136
2,841211;0,0364;-0,0646;0,1304;0,150
2,845231;0,0677;-0,0316;0,0952;0,121
2,853691;0,0631;0,0034;0,0366;0,073
2,855036;0,0302;0,0167;-0,0117;0,036
2,861246;-0,0070;0,0464;-0,1236;0,132
2,866603;-0,0199;0,0285;-0,1563;0,160
2,873787;-0,0276;0,0179;-0,1581;0,161
2,875182;-0,0281;0,0432;-0,1934;0,200
2,880764;-0,0355;0,0114;-0,1574;0,162
2,889147;-0,0048;-0,0104;-0,1221;0,123
2,891987;0,0281;0,0250;-0,1040;0,111
2,895403;0,0370;0,0437;-0,1243;0,137
2,899250;-0,0161;0,0600;-0,1567;0,169
2,905670;-0,0594;0,0740;-0,1704;0,195
2,908500;-0,0385;0,0643;-0,1319;0,152
2,914391;-0,0464;0,1070;-0,1108;0,161
2,918557;-0,0356;0,0901;-0,0189;0,099
2,926333;-0,0843;0,0971;0,0367;0,134
2,929610;-0,0878;0,0897;0,0490;0,135
2,933659;-0,0678;0,1013;0,0828;0,147
2,940516;-0,0626;0,0604;0,1474;0,171
2,945868;-0,0028;0,0934;0,1380;0,167
2,950235;-0,0030;0,0572;0,1053;0,120
2,953590;0,0134;0,0615;0,0800;0,102
2,960127;0,0415;0,0752;0,0386;0,094
2,965561;0,0313;0,0081;-0,0026;0,032
2,972376;0,0237;-0,0062;-0,0481;0,054
2,973727;0,0803;-0,0370;-0,0315;0,094
2,979688;0,1057;-0,0224;-0,0412;0,116
2,992557;0,1407;-0,0222;-0,0745;0,161
2,993754;0,1779;-0,0124;-0,1148;0,212
2,995874;0,2698;-0,0240;-0,1144;0,294
2,999593;0,2947;-0,0284;-0,0333;0,298
3,003206;0,3319;-0,0850;-0,0905;0,354
3,008125;0,2958;-0,1245;-0,1685;0,362
3,012735;0,1321;-0,1729;-0,2486;0,330
3,018875;-0,0109;-0,2278;-0,3050;0,381
3,023891;-0,0577;-0,1822;-0,2925;0,349
3,029074;0,0123;-0,1299;-0,1616;0,208
3,032594;0,0060;-0,0873;-0,0533;0,102
3,040272;-0,0097;-0,0712;0,0112;0,073
3,044790;0,0100;-0,0551;0,1035;0,118
3,050054;-0,0349;-0,0464;0,0930;0,110
3,054567;-0,0990;-0,0329;0,0277;0,108
3,058279;-0,0276;-0,0550;-0,0017;0,062
3,064924;0,0597;-0,0035;0,0453;0,075
3,070624;-0,0650;-0,0165;0,0019;0,067
3,072538;-0,0985;0,0038;-0,0579;0,114
3,078331;0,0251;0,0834;-0,1149;0,144
3,085390;0,0744;0,1363;-0,0860;0,178
3,092907;-0,0284;0,1271;-0,0031;0,130
3,093929;-0,1254;0,1512;-0,0085;0,197
3,098016;-0,0911;0,1561;-0,0092;0,181
3,107776;-0,0762;0,1681;-0,0217;0,186
3,109245;-0,0211;0,1420;-0,0556;0,154
3,111373;-0,1043;0,1329;-0,1084;0,201
3,116837;-0,0683;0,0930;-0,0801;0,140
3,122391;-0,0351;0,0818;-0,0234;0,092
3,129429;-0,0500;0,0184;-0,0714;0,089
3,132191;-0,0697;-0,0351;-0,0430;0,089
3,137533;0,0272;-0,0454;-0,0027;0,053
3,143334;0,1374;-0,1127;0,0277;0,180
3,148798;0,1209;-0,1153;-0,0038;0,167
3,153305;0,0312;-0,1107;0,0053;0,115
3,157612;-0,0604;-0,1584;0,0475;0,176
3,164590;-0,0448;-0,1346;0,1275;0,191
3,168083;0,0468;-0,1253;0,1880;0,231
3,172397;0,0022;-0,1257;0,2269;0,259
3,176877;0,0032;-0,1143;0,2421;0,268
3,184208;0,0447;-0,1174;0,2169;0,251
3,189967;0,0408;-0,0945;0,1781;0,206
3,191245;0,0369;-0,1383;0,1634;0,217
3,196802;0,0711;-0,1319;0,1087;0,185
3,203142;0,0980;-0,1448;0,0571;0,184
3,206469;0,0559;-0,1528;0,0156;0,163
3,212392;0,0474;-0,1657;0,0698;0,186
3,217031;0,0676;-0,0719;0,1193;0,155
3,227362;0,0855;-0,0574;0,1807;0,208
3,228469;-0,0750;0,0018;0,1566;0,174
3,231050;-0,1870;0,0794;0,0878;0,221
3,236752;-0,1607;0,1018;0,0767;0,205
3,244154;-0,0898;0,1382;0,0749;0,181
3,247690;-0,0291;0,0794;0,0896;0,123
3,250925;0,0024;0,0639;0,1159;0,132
3,256421;-0,0022;-0,0131;0,0660;0,067
3,263699;-0,0071;-0,0705;0,0708;0,100
3,267177;0,1657;-0,0680;-0,0195;0,180
3,273739;0,1260;-0,0345;-0,0972;0,163
3,278610;0,0988;-0,0583;-0,1222;0,168
3,282679;0,0747;-0,0724;-0,1541;0,186
3,287713;0,1222;-0,0317;-0,1121;0,169
3,290533;0,1152;0,0372;-0,0657;0,138
3,296688;0,0539;0,1173;-0,0599;0,142
3,305233;-0,0494;0,1897;-0,0400;0,200
3,307203;-0,2090;0,2212;-0,0419;0,307
3,311067;-0,2347;0,2501;-0,0438;0,346
3,316649;-0,1868;0,2456;0,0252;0,310
3,320491;-0,0707;0,1794;0,0771;0,208
3,327599;-0,0150;0,0828;0,0646;0,106
3,330216;0,0118;-0,0154;0,0120;0,023
3,336178;0,1051;-0,0464;-0,0448;0,123
3,341712;0,1407;-0,0867;-0,0416;0,170
3,346782;0,1218;-0,0507;-0,0026;0,132
3,351026;0,1199;-0,0769;-0,0040;0,142
3,354976;0,1254;-0,0580;-0,0240;0,140
3,361905;0,1169;-0,0274;-0,0316;0,124
3,366768;0,0851;0,0052;-0,0793;0,116
3,374790;0,0373;0,0232;-0,0956;0,105
3,376015;-0,0029;0,0412;-0,1001;0,108
3,382021;-0,0474;0,0520;-0,0714;0,100
3,387303;-0,0391;0,0200;0,0138;0,046
3,390579;-0,0428;-0,0330;0,0484;0,073
3,395767;0,0316;-0,1046;0,1231;0,165
3,400704;0,0910;-0,1567;0,1378;0,228
3,406075;0,0714;-0,1537;0,1455;0,223
3,413080;0,0710;-0,1414;0,0843;0,179
3,414508;0,0656;-0,1126;0,0095;0,131
3,421521;0,0531;-0,0840;-0,0291;0,104
3,426741;0,0242;-0,0367;-0,0175;0,047
3,430910;0,0051;-0,0064;-0,0440;0,045
3,434087;0,0288;0,0498;-0,0987;0,114
3,441354;-0,0309;0,0605;-0,0986;0,120
3,446593;-0,0427;0,1328;-0,0534;0,149
3,450129;-0,0236;0,1381;0,0413;0,146
3,453984;-0,0190;0,1004;0,1022;0,145
3,461688;-0,0357;0,0914;0,1130;0,150
3,465340;-0,0214;0,0634;0,0813;0,105
3,476256;-0,0334;0,0189;0,0501;0,063
3,477708;-0,0786;0,0175;0,0358;0,088
3,479996;-0,1432;0,1323;0,1286;0,233
3,494899;-0,1815;0,0800;0,0542;0,206
3,496597;-0,1581;0,0353;-0,0149;0,163
3,497350;0,0099;-0,0756;-0,0739;0,106
3,500235;0,0557;-0,1617;-0,0849;0,191
3,506424;0,1088;-0,2424;-0,0673;0,274
3,509620;0,0787;-0,2036;-0,0687;0,229
3,513648;0,0183;-0,1771;-0,0749;0,193
3,520163;0,0106;-0,0986;-0,0691;0,121
3,525059;0,0080;-0,0373;-0,0135;0,040
3,529823;0,0196;0,0092;-0,0604;0,064
3,533832;0,0477;-0,0444;-0,0786;0,102
3,540345;0,1016;-0,0783;-0,1467;0,195
3,545597;0,0769;-0,1166;-0,1552;0,209
3,550383;0,0741;-0,0927;-0,1047;0,158
3,554951;0,0812;-0,0404;-0,0880;0,126
3,559372;-0,0112;0,0045;-0,0122;0,017
3,565262;-0,0672;0,0395;0,0202;0,080
3,573682;-0,0942;0,0861;0,0806;0,151
3,574871;-0,0855;0,1086;0,1050;0,174
3,580953;-0,1507;0,1142;0,2195;0,290
3,585962;-0,0565;0,1196;0,2528;0,285
3,592291;-0,0156;0,1033;0,2815;0,300
3,594131;-0,0274;0,0465;0,1634;0,172
3,599708;0,0509;-0,0029;0,0466;0,069
3,614665;0,1072;-0,0164;-0,0191;0,110
3,616310;0,1419;0,0059;-0,0389;0,147
3,616859;0,0697;0,0230;-0,0441;0,086
3,617587;0,0007;0,0732;-0,0609;0,095
3,624812;-0,0391;0,1727;-0,0820;0,195
3,629102;-0,0763;0,2024;-0,0812;0,231
3,632610;-0,1341;0,1962;-0,1564;0,284
3,639024;-0,0701;0,1496;-0,1879;0,250
3,644526;0,0362;0,0322;-0,2264;0,232
3,648974;0,0871;-0,0982;-0,1486;0,198
3,656049;0,1833;-0,1658;-0,1214;0,275
3,660175;0,1840;-0,1544;-0,0637;0,248
3,665692;0,1683;-0,0954;-0,0755;0,208
3,669425;0,1387;0,0248;-0,0351;0,145
3,673936;0,0168;0,0775;0,0405;0,089
3,679253;0,0022;0,1513;0,0370;0,156
3,685373;0,0398;0,1841;0,0595;0,198
3,695019;0,0650;0,2001;0,0341;0,213
3,696421;0,0853;0,2041;0,0445;0,226
3,699189;0,0839;0,1821;0,0190;0,201
3,704545;0,0706;0,1864;0,0007;0,199
3,707971;0,0193;0,1669;0,0064;0,168
3,713070;-0,0203;0,1546;0,0714;0,171
3,718126;-0,0455;0,1707;0,1055;0,206
3,722558;-0,1538;0,1743;0,1973;0,305
3,729489;-0,1973;0,2010;0,2446;0,373
3,732640;-0,2072;0,2789;0,2864;0,450
3,738960;-0,1835;0,3433;0,2471;0,461
3,744248;-0,2115;0,3966;0,2985;0,540
3,748160;-0,2409;0,4888;0,2808;0,613
3,752625;-0,1839;0,5295;0,1753;0,587
3,757710;-0,1552;0,4933;0,1246;0,532
3,764997;-0,1500;0,3478;0,1109;0,395
3,768790;-0,0832;0,1252;0,0285;0,153
3,774131;0,0898;-0,0336;-0,1249;0,157
3,777507;0,2256;-0,2617;-0,2212;0,410
3,783671;0,1936;-0,4112;-0,2473;0,517
3,792370;0,1139;-0,5207;-0,2441;0,586
3,794013;0,0939;-0,6073;-0,1950;0,645
3,796615;0,0856;-0,6072;-0,1405;0,629
3,804796;0,0628;-0,5472;-0,1781;0,579
3,808163;0,0496;-0,4373;-0,2499;0,506
3,811230;0,0199;-0,2896;-0,2871;0,408
3,816169;-0,0165;-0,1235;-0,2355;0,266
3,821720;-0,0430;-0,0294;-0,1832;0,190
3,827096;-0,0383;-0,0520;-0,1301;0,145
3,831533;-0,0692;-0,1073;-0,0903;0,156
3,838562;-0,0311;-0,1784;-0,0706;0,194
3,842199;0,0543;-0,2463;-0,0849;0,266
3,847500;0,1580;-0,2043;-0,0022;0,258
3,850989;0,1920;-0,0984;0,1178;0,246
3,856102;0,0785;-0,0198;0,2421;0,255
3,863287;0,0846;0,0126;0,2309;0,246
3,868748;0,0999;0,0209;0,1277;0,163
3,875154;0,0484;-0,0020;0,0780;0,092
3,876393;0,0089;-0,0840;0,0809;0,117
3,884086;0,0311;-0,0751;0,0907;0,122
3,888371;0,0504;-0,1065;0,0717;0,138
3,890955;0,0266;-0,1233;0,0667;0,143
3,895751;0,0148;-0,1067;0,0855;0,138
3,903342;0,0125;-0,0998;0,0592;0,117
3,907328;-0,0276;-0,0884;0,1120;0,145
3,910777;0,0061;-0,0608;0,1912;0,201
3,915878;0,0040;-0,0410;0,2139;0,218
3,920968;-0,0314;0,0187;0,1421;0,147
3,927000;-0,1142;0,1086;-0,0401;0,163
3,931378;-0,1467;0,1407;-0,1425;0,248
3,936508;-0,1150;0,1277;-0,1448;0,225
3,942460;-0,1191;0,1387;-0,1122;0,215
3,946818;-0,1588;0,1191;-0,1089;0,226
3,951037;-0,1768;0,0952;-0,1278;0,238
3,955637;-0,1332;0,0742;-0,1309;0,201
3,962276;-0,0757;0,0133;-0,1181;0,141
3,966424;-0,0660;-0,0136;-0,1273;0,144
3,971355;-0,0327;-0,0188;-0,1178;0,124
3,977272;-0,0281;0,0141;-0,1037;0,108
3,982092;0,0242;0,0610;-0,0826;0,106
3,987173;0,0570;0,0979;0,0097;0,114
3,994013;0,0732;0,1391;0,0138;0,158
3,995997;0,0301;0,1964;-0,0242;0,200
4,001618;0,0186;0,1486;-0,0045;0,150
4,015622;0,0122;0,1081;0,0417;0,117
4,016935;0,0371;0,0869;0,0379;0,102
4,017578;0,0146;0,0777;-0,0156;0,081
4,022238;0,1065;0,0259;-0,0213;0,112
4,024909;0,1480;-0,0894;-0,0178;0,174
4,030807;0,1323;-0,2083;0,0541;0,253
4,034858;0,1216;-0,2193;0,1465;0,290
4,041390;0,0753;-0,2468;0,2050;0,330
4,045351;0,0029;-0,2172;0,2154;0,306
4,050899;-0,0028;-0,1877;0,2114;0,283
4,054841;-0,0087;-0,2061;0,2265;0,306
4,062235;-0,0550;-0,1365;0,1777;0,231
4,067056;-0,0650;-0,2125;0,1890;0,292
4,072505;-0,0584;-0,2572;0,2268;0,348
4,074970;-0,0210;-0,2969;0,3074;0,428
4,081745;0,0231;-0,2772;0,3642;0,458
4,085771;0,0101;-0,2484;0,3146;0,401
4,091457;-0,0002;-0,2012;0,3281;0,385
4,097342;0,0019;-0,0978;0,2591;0,277
4,102753;-0,1212;0,0213;0,1748;0,214
4,106362;0,0111;0,0466;0,1462;0,154
4,110062;0,0621;0,1001;0,1422;0,185
4,114869;-0,0082;0,1410;0,0912;0,168
4,118830;-0,0328;0,1507;0,0077;0,154
4,124385;-0,1002;0,1959;0,0032;0,220
4,130343;-0,0938;0,2003;0,0465;0,226
4,135054;0,0878;0,0478;0,0397;0,108
4,141670;0,0660;-0,0749;0,0329;0,105
4,146137;0,0110;-0,1088;0,0289;0,113
4,149645;-0,0058;-0,1116;-0,0392;0,118
4,154331;-0,0152;-0,0858;-0,0688;0,111
4,160865;-0,1029;-0,0365;-0,0745;0,132
4,165639;-0,0686;0,0363;0,0076;0,078
4,169763;0,0485;0,0088;-0,1177;0,128
4,176408;-0,0282;0,0339;-0,1095;0,118
4,181222;-0,0504;0,0589;-0,0734;0,107
4,186918;-0,0160;0,0909;-0,0854;0,126
4,194104;0,0439;0,0848;-0,0383;0,103
4,195243;0,0820;0,0930;0,0060;0,124
4,200329;0,0560;0,0822;0,0001;0,099
4,205530;-0,0002;0,0715;0,0039;0,072
4,210087;-0,0107;0,0489;0,0433;0,066
4,215107;0,0645;0,0194;0,0281;0,073
4,220618;-0,0600;0,1039;0,0752;0,142
4,225169;0,0540;0,0287;-0,0609;0,086
4,228910;0,0509;0,0232;-0,1465;0,157
4,233716;-0,0900;0,0511;-0,1916;0,218
4,240063;-0,0968;0,0292;-0,2180;0,240
4,244766;-0,0703;0,1099;-0,2213;0,257
4,250339;-0,0084;0,0904;-0,1922;0,213
4,254226;-0,0253;0,0858;-0,1477;0,173
4,262051;-0,0494;0,0839;-0,1971;0,220
4,265236;-0,0426;0,0371;-0,2018;0,210
4,269460;-0,0026;0,0077;-0,2241;0,224
4,275749;-0,0272;-0,0640;-0,1946;0,207
4,279897;-0,0254;-0,1134;-0,1804;0,215
4,284944;-0,0189;-0,1432;-0,1005;0,176
4,289858;-0,0316;-0,0873;0,0071;0,093
4,292848;-0,0229;-0,0864;0,0853;0,124
4,300684;-0,0285;-0,0547;0,1916;0,201
4,304805;-0,0294;0,0050;0,2309;0,233
4,308709;0,0266;-0,0095;0,1610;0,163
4,314767;0,0585;0,0022;0,1228;0,136
4,317978;-0,0070;0,0446;0,1136;0,122
4,322987;0,1465;0,0676;0,1234;0,203
4,329969;0,1326;0,0881;0,0881;0,182
4,333060;0,0096;0,0657;0,0935;0,115
4,339396;-0,0818;0,0767;0,0726;0,134
4,343032;-0,0847;0,0804;-0,0050;0,117
4,349101;-0,0379;0,0438;-0,0180;0,061
4,352891;-0,0271;-0,0162;-0,0287;0,043
4,359356;-0,0282;-0,0638;-0,0201;0,073
4,363472;-0,0364;-0,1063;-0,0260;0,115
4,368282;-0,1062;-0,0963;-0,0056;0,143
4,377223;-0,0852;-0,1148;-0,0019;0,143
4,378303;-0,0596;-0,1141;0,0063;0,129
4,384396;-0,0034;-0,0469;0,0690;0,084
4,390466;-0,0380;-0,0017;0,1336;0,139
4,392041;-0,0510;0,0597;0,1670;0,184
4,398176;-0,0782;0,0493;0,1528;0,179
4,404254;-0,0723;0,0886;0,1299;0,173
4,410812;-0,0666;0,1154;0,0603;0,146
4,411877;-0,0847;0,0707;-0,0011;0,110
4,416808;-0,0815;0,0143;-0,0451;0,094
4,423951;-0,0335;-0,0369;-0,1052;0,116
4,429550;-0,0452;-0,0734;-0,1342;0,160
4,433175;-0,0522;-0,0975;-0,1562;0,191
4,437090;-0,0783;-0,1427;-0,0932;0,188
4,444639;-0,0902;-0,1469;-0,0718;0,187
4,449852;-0,1400;-0,1840;-0,0535;0,237
4,452958;-0,1326;-0,1851;-0,0123;0,228
4,457101;0,0886;-0,1599;0,0354;0,186
4,463996;0,0804;-0,1373;0,1160;0,197
4,468991;0,0464;-0,0746;0,1891;0,208
4,476170;-0,0869;0,0158;0,2339;0,250
4,477379;0,1539;0,0364;0,2030;0,257
4,483551;0,2174;0,0780;0,1731;0,289
4,488320;0,1313;-0,0044;0,1680;0,213
4,493874;0,0914;0,0085;0,1425;0,170
4,496476;-0,0618;0,0710;0,1940;0,216
4,502244;-0,0788;0,1232;0,1839;0,235
4,506509;0,2724;0,2104;0,1554;0,378
4,511518;0,0868;0,2328;0,1463;0,288
4,516201;-0,1710;0,2407;0,1302;0,323
4,522094;-0,3205;0,2294;0,0668;0,400
4,528207;-0,3392;0,1969;0,0870;0,402
4,531708;0,0718;0,1765;0,0475;0,196
4,537235;0,1234;0,0756;0,1103;0,182
4,542788;0,0180;-0,0245;0,1682;0,171
4,548241;-0,2148;-0,1074;0,1620;0,290
4,552234;-0,3539;-0,1305;0,1423;0,403
4,557195;0,1374;-0,1157;0,0974;0,204
4,562870;0,1738;-0,1106;0,0820;0,222
4,566639;0,1346;-0,0607;0,0272;0,150
4,571140;-0,1603;-0,0659;-0,0529;0,181
4,575694;-0,0846;-0,0166;-0,1129;0,142
4,583213;0,0381;0,0442;-0,1129;0,127
4,588195;-0,0205;0,1164;-0,0795;0,142
4,593587;-0,0166;0,1618;-0,0154;0,163
4,597458;-0,2975;0,0928;0,0817;0,322
4,602014;-0,2253;0,1097;0,1499;0,292
4,624535;-0,1729;0,1119;0,1566;0,259
4,626486;-0,0807;0,1234;0,1664;0,222
4,627372;0,0485;0,1369;0,1650;0,220
4,628067;0,1317;0,1028;0,1213;0,206
4,628691;0,1239;0,0427;0,0853;0,156
4,630559;0,0803;0,0615;-0,0264;0,105
4,635274;0,0958;0,0186;-0,1874;0,211
4,640309;0,1630;-0,0309;-0,2981;0,341
4,647332;0,1417;-0,0678;-0,3139;0,351
4,650271;0,0083;-0,0591;-0,3137;0,319
4,657269;0,1987;-0,0218;-0,2976;0,358
4,661756;0,2309;0,0225;-0,2677;0,354
4,667254;0,0205;-0,0141;-0,1841;0,186
4,669897;0,0703;-0,0242;-0,1583;0,175
4,676070;0,1577;0,0038;-0,1331;0,206
4,682233;0,1660;-0,0490;-0,0539;0,181
4,686927;0,1295;-0,0800;-0,0134;0,153
4,693672;0,0387;-0,1272;0,0220;0,135
4,695140;-0,0918;-0,1694;0,0809;0,209
4,703438;0,2750;-0,1472;0,0921;0,325
4,706843;0,2759;-0,1608;0,0963;0,334
4,710491;0,2272;-0,1624;0,1080;0,299
4,715256;0,2125;-0,1878;0,0532;0,289
4,720760;0,1527;-0,1774;-0,0012;0,234
4,726600;0,1741;-0,1646;-0,0884;0,255
4,732745;0,2620;-0,1519;-0,1585;0,342
4,734778;0,1948;-0,1368;-0,2047;0,314
4,739637;0,0949;-0,1145;-0,2247;0,269
4,746970;0,0124;-0,0568;-0,1855;0,194
4,751077;-0,0484;-0,0041;-0,1329;0,142
4,754819;-0,0970;0,0292;-0,1381;0,171
4,761527;-0,1643;0,0861;-0,0794;0,202
4,766762;-0,1696;0,1450;-0,0337;0,226
4,770707;-0,2011;0,1725;0,0021;0,265
4,777962;-0,1852;0,1762;0,0206;0,256
4,782312;-0,2646;0,1513;0,0722;0,313
4,786828;-0,2894;0,1385;0,0545;0,325
4,791724;0,0300;0,1589;0,1059;0,193
4,794856;0,0309;0,1436;0,1213;0,191
4,801594;-0,0491;0,0760;0,1561;0,180
4,806101;-0,0385;0,0849;0,1672;0,191
4,810893;-0,0925;0,0816;0,1075;0,164
4,814606;0,0580;0,0901;0,0512;0,119
4,820993;0,0460;0,0557;-0,0328;0,079
4,824483;0,0486;0,0358;-0,0944;0,112
4,831023;0,0135;0,0540;-0,1148;0,128
4,833710;-0,0779;0,0555;-0,1565;0,183
4,840361;-0,1491;0,0594;-0,1407;0,213
4,844137;-0,1936;0,0751;-0,1203;0,240
4,850548;-0,1782;0,0266;-0,0502;0,187
4,853579;-0,1555;-0,0166;-0,0711;0,172
4,860597;-0,1567;-0,0073;0,0340;0,160
4,864951;-0,2835;-0,0145;0,0975;0,300
4,871057;-0,1222;-0,0454;0,1201;0,177
4,878867;0,0264;0,0142;0,1353;0,139
4,880063;0,0007;0,0141;0,1645;0,165
4,885651;-0,2409;0,0329;0,1937;0,311
4,891661;-0,3123;0,1180;0,1988;0,389
4,893436;-0,1343;0,1929;0,1277;0,267
4,899284;-0,0197;0,2695;0,1261;0,298
4,905337;0,0393;0,3100;0,1053;0,330
4,909135;-0,0377;0,2361;0,0230;0,240
4,913251;-0,1431;0,1320;-0,0611;0,204
4,918782;-0,0865;0,0906;-0,1613;0,204
4,924238;-0,0119;0,0637;-0,1729;0,185
4,930616;0,0076;0,0560;-0,1867;0,195
4,933314;-0,0155;-0,0229;-0,1194;0,123
4,939993;-0,0645;-0,0181;-0,1330;0,149
4,944027;-0,0700;-0,0395;-0,0347;0,088
4,950177;-0,0445;-0,0275;-0,0152;0,054
4,954509;0,0260;0,0390;-0,0076;0,047
4,959274;0,1316;0,0765;0,0498;0,160
4,964346;0,0894;0,0923;0,0566;0,140
4,969109;0,1143;0,1081;0,0680;0,171
4,978403;0,1651;0,0668;0,0435;0,183
4,979449;0,1564;0,0474;-0,0073;0,164
4,985185;0,1524;0,0140;-0,0700;0,168
4,988941;0,1389;0,0308;-0,1446;0,203
4,992664;0,1352;-0,0426;-0,1715;0,222
5,000287;0,0816;-0,0298;-0,1178;0,146
5,004751;0,0453;-0,0122;-0,1434;0,151
5,009608;-0,0167;0,0598;-0,0883;0,108
5,013565;-0,0592;0,0862;-0,1050;0,148
5,019952;-0,0348;0,1149;-0,0626;0,135
5,024332;-0,0768;0,0887;-0,0206;0,119
5,029160;-0,1207;0,0415;0,0018;0,128
5,033975;-0,1072;0,0683;0,0358;0,132
5,039484;-0,0889;0,0640;0,0148;0,111
5,042418;-0,0730;0,0954;0,0533;0,131
5,047952;-0,0811;0,1242;0,0818;0,169
5,052483;-0,0679;0,0934;0,0887;0,146
5,058131;-0,0668;0,0202;0,1524;0,168
5,063747;-0,0184;0,0022;0,1727;0,174
5,068460;-0,0064;-0,0680;0,1500;0,165
5,074376;0,0360;-0,1469;0,1059;0,185
5,078362;0,0610;-0,1564;0,1093;0,200
5,084125;0,1001;-0,1087;0,0912;0,174
5,087558;0,0960;-0,0235;0,0875;0,132
5,094943;0,0779;0,0493;0,0407;0,101
5,096974;0,0457;0,0502;0,0512;0,085
5,104519;0,0449;0,0987;0,0759;0,132
5,113936;0,0278;0,1207;0,0621;0,139
5,115023;0,0064;0,1403;0,0005;0,140
5,118357;0,0186;0,1194;-0,0419;0,128
5,121998;0,0026;0,1107;-0,1130;0,158
5,129434;-0,0014;0,0785;-0,0986;0,126
5,132254;0,0351;0,0372;-0,0733;0,089
5,137349;0,0903;-0,0250;-0,0368;0,101
5,143536;0,1308;-0,0818;0,0058;0,154
5,146637;0,1590;-0,1427;0,0689;0,224
5,152362;0,1704;-0,1793;0,1073;0,270
5,156953;0,2101;-0,2107;0,1471;0,332
5,163941;0,2166;-0,1848;0,1838;0,339
5,168304;0,2020;-0,1589;0,1984;0,325
5,172183;0,1474;-0,1023;0,2103;0,276
5,177029;0,1077;-0,0604;0,2455;0,275
5,184761;0,0283;0,0121;0,2351;0,237
5,188192;-0,0477;0,0437;0,2057;0,216
5,193632;-0,1135;0,0845;0,2288;0,269
5,197216;-0,1810;0,1203;0,1968;0,293
5,202842;-0,1626;0,1084;0,2197;0,294
5,210598;-0,1561;0,1107;0,2663;0,328
5,211675;-0,1496;0,0869;0,2720;0,322
5,216585;-0,2122;0,0111;0,2804;0,352
5,223201;-0,0989;-0,0167;0,2721;0,290
5,227056;0,0443;0,0317;0,2853;0,290
5,231418;0,0323;0,0275;0,2511;0,255
5,236845;-0,0293;-0,0053;0,2933;0,295
5,243613;-0,0191;-0,0045;0,3188;0,319
5,245903;0,0028;0,0104;0,3277;0,328
5,251605;0,0149;-0,0153;0,2846;0,285
5,256500;-0,0038;0,0234;0,2348;0,236
5,263302;-0,0391;0,0522;0,1619;0,175
5,268016;-0,0599;0,1163;0,0780;0,152
5,270954;-0,0639;0,1205;0,0401;0,142
5,278079;-0,0701;0,1293;0,0217;0,149
5,286492;-0,0620;0,1047;-0,0079;0,122
5,287491;-0,0683;0,1064;-0,0300;0,130
5,292598;-0,0317;0,1010;-0,0256;0,109
5,295349;-0,0383;0,0789;-0,0186;0,090
5,301464;-0,0544;0,0712;-0,0164;0,091
5,306967;-0,0254;0,0540;-0,0523;0,079
5,310133;0,0079;0,0276;0,0141;0,032
5,316011;-0,0067;0,0061;-0,0175;0,020
5,321634;0,0049;-0,0033;-0,0561;0,056
5,327232;-0,0050;0,0183;-0,0805;0,083
5,330512;-0,0006;-0,0385;-0,1167;0,123
5,335009;0,0154;-0,0259;-0,1508;0,154
5,341595;-0,0090;-0,0182;-0,1041;0,106
5,347004;0,0238;-0,0341;-0,0652;0,077
5,350550;-0,0150;-0,0215;-0,0314;0,041
5,354601;-0,0179;-0,0659;-0,0120;0,069
5,361112;0,0360;-0,0507;-0,0212;0,066
5,365964;-0,0008;-0,0689;0,0150;0,070
5,371653;-0,0017;-0,0347;0,0133;0,037
5,378553;-0,0266;-0,0484;-0,0166;0,058
5,382289;-0,0181;-0,0098;0,0012;0,021
5,386606;-0,0100;-0,0238;0,0307;0,040
5,393790;0,0026;-0,0020;0,0100;0,011
5,394747;-0,0160;0,0149;0,0346;0,041
5,402248;-0,0322;0,0078;-0,0004;0,033
5,405663;-0,0224;-0,0276;-0,0164;0,039
5,410175;-0,0127;-0,0270;-0,0063;0,031
5,415153;0,0207;-0,0075;0,0108;0,025
5,421558;0,0207;-0,0047;0,0158;0,026
5,426458;0,0110;-0,0186;0,0657;0,069
5,432865;0,0536;-0,0347;0,1011;0,120
5,434223;0,0698;-0,0674;0,0890;0,132
5,441176;0,0741;-0,0689;0,0652;0,120
5,445956;0,0762;-0,1274;0,0297;0,151
5,450064;0,0165;-0,1261;-0,0173;0,128
5,455076;-0,0189;-0,1557;-0,0448;0,163
5,464129;-0,0041;-0,1138;-0,0910;0,146
5,465225;0,0083;-0,1221;-0,0394;0,129
5,469983;0,0517;-0,1114;-0,0262;0,126
5,474025;0,0450;-0,0746;-0,0227;0,090
5,486378;0,0696;-0,0428;0,0496;0,096
5,487783;0,0775;0,0267;0,0429;0,093
5,492984;0,0952;0,0672;0,0599;0,131
5,493880;0,0631;0,1050;0,0198;0,124
5,500154;0,0506;0,1282;0,0346;0,142
5,505841;0,0314;0,1489;-0,0216;0,154
5,509525;0,0505;0,1788;-0,0300;0,188
5,514411;0,0316;0,1302;-0,0476;0,142
5,519034;-0,0203;0,0938;-0,0792;0,124
5,525909;-0,0431;0,1384;-0,1153;0,185
5,530659;-0,0872;0,0925;-0,1796;0,220
5,534532;-0,1502;0,1135;-0,2081;0,281
5,540410;-0,1558;0,0536;-0,2247;0,279
5,545984;-0,1759;0,0607;-0,2034;0,276
5,551180;-0,1628;-0,0129;-0,1896;0,250
5,553176;-0,1621;-0,0384;-0,1737;0,241
5,558868;-0,1353;-0,0660;-0,1226;0,194
5,565616;-0,0640;-0,0648;-0,0721;0,116
5,569614;-0,0050;-0,0423;0,0208;0,047
5,572998;0,0180;-0,0058;0,0558;0,059
5,579951;0,0408;-0,0289;0,1265;0,136
5,584621;-0,0077;0,0264;0,0878;0,092
5,589074;-0,0248;0,0076;0,0615;0,067
5,594764;-0,0322;0,0174;0,0213;0,042
5,599535;-0,0016;0,0057;0,0505;0,051
5,605084;-0,0044;-0,0582;0,0513;0,078
5,611086;0,0212;-0,0362;0,0973;0,106
5,612940;0,0395;-0,0404;0,0789;0,097
5,620003;0,0270;-0,0518;0,0989;0,115
5,625616;0,0312;-0,0536;0,0858;0,106
5,629430;0,0045;-0,0888;0,1086;0,140
5,633458;0,0326;-0,0311;0,0367;0,058
5,640135;0,0226;-0,0215;0,0204;0,037
5,643972;0,0175;-0,0121;-0,0074;0,023
5,650705;-0,0112;0,0211;-0,0492;0,055
5,653918;0,0029;0,0302;-0,0480;0,057
5,659327;0,0430;0,0131;-0,0254;0,052
5,664150;0,0328;0,0081;0,0087;0,035
5,670445;0,0346;0,0316;0,0615;0,077
5,672813;0,0246;0,0668;0,0593;0,093
5,679479;-0,0187;0,1016;0,0359;0,109
5,684141;-0,0640;0,0957;-0,0157;0,116
5,689967;-0,0688;0,0709;-0,0642;0,118
5,695313;-0,0474;0,0889;-0,1123;0,151
5,698321;0,0023;0,0523;-0,1956;0,202
5,704272;-0,0172;0,0752;-0,2283;0,241
5,707705;-0,0055;0,0696;-0,2254;0,236
5,712249;0,0180;0,0665;-0,1967;0,208
5,717979;0,0151;0,0777;-0,1830;0,199
5,722288;-0,0044;0,1150;-0,1434;0,184
5,729651;-0,0237;0,0951;-0,1422;0,173
5,731771;-0,0024;0,0468;-0,1247;0,133
5,738918;0,0211;0,0204;-0,1622;0,165
5,743653;0,0563;-0,0270;-0,1521;0,164
5,748342;0,0747;-0,0479;-0,0974;0,132
5,752044;0,0552;-0,0567;-0,0480;0,093
5,757004;0,0642;-0,0535;-0,0255;0,087
5,762211;0,0542;-0,0360;0,0395;0,076
5,769285;0,0586;-0,0496;0,1018;0,128
5,772494;0,1080;0,0010;0,0879;0,139
5,786408;0,1166;0,0083;0,0864;0,145
5,787949;0,1275;0,0439;0,0684;0,151
5,790133;0,1195;0,0959;0,0058;0,153
5,793977;0,1307;0,0904;-0,0443;0,165
5,796560;0,0848;0,0968;-0,0749;0,149
5,803255;0,0467;0,0439;-0,0602;0,088
5,808490;0,0469;-0,0039;-0,0361;0,059
5,812498;0,0447;-0,0537;-0,0478;0,085
5,817249;0,0166;-0,0888;-0,0475;0,102
5,822726;0,0077;-0,0975;-0,0662;0,118
5,827749;0,0250;-0,0658;-0,0299;0,076
5,832104;0,0468;-0,0937;0,0036;0,105
5,836064;0,0233;-0,0929;-0,0105;0,096
5,842960;0,0780;-0,1255;0,0280;0,150
5,848049;0,1702;-0,1174;0,0210;0,208
5,851519;0,2024;-0,0856;0,0498;0,225
5,856931;0,2248;-0,0708;0,0214;0,237
5,861317;0,2045;-0,0015;0,0006;0,204
5,867649;0,1844;0,0720;-0,0483;0,204
5,871646;0,1266;0,0973;-0,1134;0,196
5,878983;0,1169;0,1034;-0,1543;0,219
5,882424;0,0836;0,0644;-0,1925;0,220
5,887655;0,0840;0,0875;-0,2236;0,254
5,891035;0,0798;0,0227;-0,2643;0,277
5,897728;0,0566;0,0061;-0,2910;0,296
5,902927;0,0407;-0,0341;-0,2182;0,225
5,907446;0,0771;-0,0927;-0,1180;0,169
5,911126;0,0584;-0,0582;-0,0739;0,111
5,915359;0,0826;-0,0975;-0,0139;0,128
5,921102;0,1016;-0,1270;0,0362;0,167
5,928769;0,1058;-0,1396;0,1144;0,209
5,930926;0,1385;-0,0952;0,1472;0,223
5,936997;0,1709;-0,1155;0,1896;0,280
5,943531;0,2007;-0,0501;0,1823;0,276
5,947557;0,1616;0,0454;0,1613;0,233
5,950431;0,1585;0,0617;0,1171;0,207
5,957041;0,1105;0,0707;0,1045;0,168
5,960938;0,0940;0,0771;0,0616;0,136
5,965758;0,0515;0,0217;0,0333;0,065
5,972788;0,0213;0,0214;0,0005;0,030
5,979164;0,0176;-0,0025;0,0342;0,039
5,982822;-0,0003;-0,0049;0,0271;0,028
5,988220;-0,0441;-0,0310;0,0343;0,064
5,990604;-0,0592;-0,0568;0,0888;0,121
5,995441;-0,0765;-0,0420;0,0764;0,116
6,002450;-0,0655;-0,0702;0,1020;0,140
6,006596;-0,0832;-0,0411;0,1250;0,156
6,010821;-0,1009;0,0138;0,1243;0,161
6,016314;-0,1163;0,0255;0,1167;0,167
6,022082;-0,1034;0,0749;0,1260;0,179
6,026994;-0,0883;0,1500;0,0713;0,188
6,031139;-0,0925;0,1746;0,0268;0,199
6,036026;-0,0991;0,1847;-0,0008;0,210
6,040680;-0,1128;0,1782;-0,0613;0,220
6,049430;-0,1241;0,1146;-0,0501;0,176
6,050534;-0,0406;0,0565;-0,0561;0,089
6,055367;-0,0029;-0,0130;-0,0266;0,030
6,061022;0,0439;-0,0083;-0,0259;0,052
6,064931;0,0454;-0,0653;0,0078;0,080
6,071377;0,0420;-0,0720;0,0436;0,094
6,074604;0,0221;-0,0976;0,0269;0,104
6,084055;0,0309;-0,0945;0,0221;0,102
6,088711;0,0421;-0,0961;0,0768;0,130
6,091464;0,0153;-0,1144;0,1216;0,168
6,098701;0,0363;-0,1350;0,1711;0,221
6,100416;0,0381;-0,1532;0,1993;0,254
6,105617;0,0899;-0,1594;0,2540;0,313
6,110302;0,1129;-0,1705;0,2756;0,343
6,114049;0,0956;-0,1865;0,2790;0,349
6,120384;0,0811;-0,2096;0,2212;0,315
6,125971;0,1592;-0,1329;0,2311;0,311
6,130567;0,1732;-0,1615;0,1894;0,303
6,135650;0,0903;-0,1307;0,0989;0,187
6,140845;0,0866;-0,1191;0,0093;0,148
6,146318;0,0215;-0,0601;-0,0629;0,090
6,150727;-0,0050;-0,0561;-0,0753;0,094
6,154221;-0,0264;-0,0474;-0,0641;0,084
6,160420;-0,0428;-0,0196;-0,1033;0,114
6,164356;-0,0877;-0,0348;-0,1164;0,150
6,169972;-0,0753;0,0239;-0,1085;0,134
6,174796;-0,0654;0,0632;-0,1390;0,166
6,181764;-0,0843;0,0667;-0,1414;0,178
6,189120;-0,0178;0,0917;-0,1370;0,166
6,191646;-0,0326;0,1687;-0,1734;0,244
6,195013;-0,0832;0,1193;-0,1482;0,208
6,200278;-0,0600;0,0966;-0,1449;0,184
6,204946;0,0101;0,1073;-0,1612;0,194
6,210933;-0,0298;0,1015;-0,1422;0,177
6,214289;-0,0055;0,0958;-0,1285;0,160
6,220572;-0,0149;0,1234;-0,1034;0,162
6,226585;-0,0505;0,1271;-0,0552;0,147
6,230563;-0,0861;0,1048;-0,0004;0,136
6,235351;-0,1074;0,1182;0,0442;0,166
6,240369;-0,0528;0,0817;0,0552;0,112
6,245689;-0,0226;0,0715;0,1233;0,144
6,248984;-0,0258;0,0210;0,1030;0,108
6,253845;-0,0434;0,0398;0,0783;0,098
6,259106;-0,0917;0,0489;0,0397;0,111
6,264913;-0,0826;0,1172;0,0469;0,151
6,268390;-0,1163;0,1445;0,0043;0,186
6,273924;-0,1070;0,1431;-0,0380;0,183
6,280262;-0,0834;0,1465;-0,0940;0,193
6,287162;-0,0671;0,1071;-0,1023;0,163
6,290940;-0,0414;0,1156;-0,1320;0,180
6,295370;0,0033;0,1169;-0,0928;0,149
6,298861;0,0265;0,0945;-0,0848;0,130
6,303277;0,0164;0,0201;-0,0296;0,039
6,307966;0,0516;-0,0299;-0,0010;0,060
6,314019;0,0488;-0,0676;-0,0059;0,084
6,317973;0,0604;-0,0694;0,0320;0,097
6,322953;0,0225;-0,0783;0,0318;0,087
6,330908;-0,0174;-0,0729;0,0247;0,079
6,333356;-0,0188;-0,0651;0,0888;0,112
6,340136;-0,0201;0,0161;0,0790;0,083
6,344334;-0,0734;0,0468;0,0432;0,097
6,348736;-0,0861;0,0534;0,0244;0,104
6,352418;-0,0585;0,0506;-0,0255;0,081
6,359193;-0,0692;0,0502;-0,0490;0,099
6,363460;-0,0658;0,0428;-0,0205;0,081
6,369807;-0,0817;0,0473;-0,0018;0,094
6,372564;-0,0880;0,0233;0,0023;0,091
6,381633;-0,0779;-0,0384;0,0181;0,089
6,388186;-0,0016;-0,0498;0,0432;0,066
6,389072;0,0076;-0,0706;0,0563;0,091
6,392681;-0,0307;-0,0817;0,1000;0,133
6,397972;-0,0333;-0,0785;0,0749;0,114
6,403746;-0,0382;-0,1015;0,0405;0,116
6,408106;-0,0313;-0,0982;0,0324;0,108
6,411762;-0,0340;-0,0521;0,0648;0,090
6,417164;-0,0416;-0,0707;0,0829;0,117
6,423906;-0,0516;-0,0629;0,0843;0,117
6,428951;-0,0544;-0,0030;0,0762;0,094
6,432477;-0,0219;0,0231;0,0444;0,055
6,436766;-0,0348;0,0514;0,0318;0,070
6,445124;-0,0524;0,0463;0,0239;0,074
6,448724;-0,0463;0,1006;-0,0246;0,113
6,451589;0,0073;0,0808;-0,0346;0,088
6,457784;0,0127;0,0588;-0,0587;0,084
6,463421;0,0347;0,0275;-0,0942;0,104
6,468027;0,0565;-0,0107;-0,1010;0,116
6,471544;0,0807;-0,0177;-0,0792;0,114
6,481290;0,0741;-0,0342;-0,1287;0,152
6,483043;0,0345;0,0089;-0,1282;0,133
6,488688;0,0431;0,0018;-0,1373;0,144
6,491950;0,0183;0,0566;-0,0896;0,108
6,497086;-0,0156;0,0516;-0,0545;0,077
6,504306;-0,0229;0,0444;-0,0079;0,051
6,508567;0,0080;0,0586;0,0168;0,061
6,512442;-0,0208;0,0940;0,0555;0,111
6,516567;0,0029;0,0745;0,0489;0,089
6,522001;0,0312;0,0670;0,0380;0,083
6,528264;0,0521;0,1046;0,0083;0,117
6,531715;0,0586;0,1182;-0,0161;0,133
6,537607;0,0438;0,1078;-0,0520;0,127
6,543403;0,0552;0,0215;-0,0497;0,077
6,547569;0,0498;0,0286;-0,0261;0,063
6,551322;0,0159;-0,0309;-0,0360;0,050
6,556199;0,0276;-0,0637;-0,0294;0,075
6,563200;0,0130;-0,0771;-0,0280;0,083
6,567036;-0,0252;-0,0999;-0,0054;0,103
6,570460;-0,0346;-0,0892;0,0120;0,096
6,576746;-0,0250;-0,0786;0,0364;0,090
6,583114;-0,0035;-0,1227;0,0535;0,134
6,587776;-0,0037;-0,0976;0,0632;0,116
6,592748;-0,0016;-0,0679;0,0874;0,111
6,599746;0,0265;-0,0434;0,1142;0,125
6,602092;0,0117;-0,0168;0,0936;0,096
6,608069;0,0088;0,0356;0,0235;0,044
6,611576;-0,0203;0,0662;-0,0268;0,074
6,615996;-0,0445;0,0681;-0,0482;0,095
6,623607;-0,0140;0,0937;-0,0600;0,112
6,628590;-0,0051;0,0549;-0,0266;0,061
6,630755;0,0299;-0,0143;-0,0149;0,036
6,635959;0,0196;-0,1257;-0,0294;0,131
6,641205;0,0237;-0,1673;-0,0677;0,182
6,646277;0,0255;-0,1777;-0,1079;0,209
6,650060;-0,0200;-0,1880;-0,0815;0,206
6,656306;0,0038;-0,1602;-0,0601;0,171
6,661389;0,0086;-0,1539;-0,0270;0,157
6,666693;0,0015;-0,1121;0,0009;0,112
6,672337;-0,0150;-0,0160;0,0145;0,026
6,675148;-0,0361;0,0270;0,0137;0,047
6,681046;-0,0429;0,0673;0,0059;0,080
6,687251;-0,0166;0,1452;0,0408;0,152
6,691638;-0,0096;0,1370;0,0350;0,142
6,697646;-0,0335;0,1336;0,0009;0,138
6,701195;-0,0100;0,0947;-0,0283;0,099
6,708562;-0,0223;0,0632;-0,0028;0,067
6,709845;-0,0275;0,0486;-0,0346;0,066
6,715143;-0,0231;0,0057;0,0074;0,025
6,720369;-0,0115;-0,0606;0,0085;0,062
6,725430;0,0000;-0,0717;-0,0164;0,074
6,732594;0,0187;-0,1492;-0,0223;0,152
6,735679;0,0327;-0,1192;-0,0330;0,128
6,741857;0,0468;-0,1321;-0,0460;0,147
6,746415;0,0205;-0,0927;-0,0231;0,098
6,751107;0,0135;-0,0038;-0,0050;0,015
6,754187;-0,0099;0,0249;0,0086;0,028
6,760811;-0,0571;0,1103;-0,0179;0,125
6,766279;-0,0993;0,1545;-0,0273;0,186
6,770937;-0,1130;0,1389;-0,0221;0,180
6,774755;-0,1127;0,1091;-0,0193;0,158
6,783412;-0,0911;0,0535;-0,0403;0,113
6,789919;-0,0154;0,0174;-0,0614;0,066
6,792762;0,0191;-0,0136;-0,0492;0,055
6,800257;0,0698;-0,0278;-0,0064;0,075
6,801417;0,1250;-0,0512;0,0169;0,136
6,806534;0,1276;-0,0578;0,0423;0,146
6,812093;0,1116;-0,0620;0,0652;0,143
6,814404;0,1220;-0,0685;0,0500;0,149
6,820257;0,1423;-0,0750;0,0659;0,174
6,826713;0,1223;-0,0435;0,1032;0,166
6,830758;0,0979;-0,0289;0,1046;0,146
6,836741;0,0598;-0,0072;0,0754;0,096
6,840235;0,0197;0,0213;0,1035;0,108
6,846219;-0,0058;0,0400;0,0605;0,073
6,850978;-0,0382;0,0657;0,0394;0,086
6,854492;-0,0585;0,0460;0,0018;0,074
6,860573;-0,0622;0,0573;0,0002;0,085
6,865218;-0,0803;0,0163;-0,0156;0,083
6,870088;-0,0699;-0,0148;-0,0005;0,071
6,874045;0,0017;-0,0410;-0,0235;0,047
6,883246;0,0300;-0,0361;0,0223;0,052
6,884414;0,0368;-0,0430;0,0251;0,062
6,891373;0,0484;-0,0713;0,0373;0,094
6,893788;0,0029;-0,0542;0,0258;0,060
6,899621;0,0265;-0,0160;0,0477;0,057
6,905897;0,0525;-0,0112;0,0480;0,072
6,908619;0,0165;-0,0160;0,0339;0,041
6,914531;-0,0073;0,0053;0,0461;0,047
6,918340;-0,0453;0,0218;0,0250;0,056
6,923641;-0,0591;0,0357;0,0397;0,080
6,929954;-0,0662;0,0613;0,0447;0,101
6,933892;-0,0423;0,0464;-0,0048;0,063
6,939308;-0,0236;0,0577;-0,0064;0,063
6,945078;-0,0430;0,0594;-0,0319;0,080
6,949662;0,0182;0,0421;-0,0287;0,054
6,954153;0,0387;0,0345;-0,0113;0,053
6,960347;0,0400;0,0482;0,0036;0,063
6,964722;0,0389;0,0572;0,0134;0,070
6,968885;0,0211;0,0827;-0,0217;0,088
6,973703;0,0156;0,0795;-0,0496;0,095
6,984777;0,0411;0,0929;-0,0584;0,117
6,985879;0,0593;0,0328;-0,0246;0,072
6,989923;0,0537;0,0112;-0,0364;0,066
6,992810;0,0292;0,0135;-0,0103;0,034
7,000313;0,0098;-0,0126;0,0436;0,046
7,004112;0,0001;-0,0265;0,0185;0,032
7,009666;0,0140;-0,0663;0,0075;0,068
7,012702;-0,0053;-0,0465;0,0393;0,061
7,018776;0,0136;-0,0339;0,0542;0,065
7,023344;-0,0173;-0,0475;0,0333;0,061
7,027747;-0,0291;-0,0278;0,0222;0,046
7,036755;-0,0122;-0,0510;0,0445;0,069
7,037700;-0,0334;-0,0052;0,0574;0,067
7,044819;-0,0330;0,0069;-0,0341;0,048
7,052897;-0,0326;-0,0025;-0,0155;0,036
7,053636;-0,0557;0,0427;-0,0420;0,082
7,058212;-0,0788;-0,0002;-0,0921;0,121
7,063553;-0,0946;0,0546;-0,0446;0,118
7,069052;-0,0652;0,0449;-0,0190;0,081
7,072884;-0,0550;0,0044;-0,0200;0,059
7,077564;-0,0451;-0,0191;-0,0280;0,056
7,083418;-0,0471;-0,0045;-0,0218;0,052
7,088657;-0,0276;-0,0088;-0,0183;0,034
7,092670;0,0153;-0,0203;0,0041;0,026
7,099687;0,0247;-0,0269;0,0383;0,053
7,105977;0,0553;-0,0074;-0,0014;0,056
7,106698;0,0382;-0,0497;0,0021;0,063
7,112817;0,0167;0,0032;-0,0156;0,023
7,119102;0,0189;0,0129;-0,0188;0,030
7,121746;-0,0026;0,0343;-0,0527;0,063
7,127545;-0,0001;0,0057;-0,0624;0,063
7,133092;-0,0285;-0,0061;-0,0861;0,091
7,139448;-0,0093;-0,0226;-0,0431;0,049
7,143359;-0,0162;-0,0151;-0,0289;0,036
7,149161;-0,0302;0,0183;-0,0172;0,039
7,152049;-0,0276;-0,0055;0,0181;0,033
7,157087;-0,0320;-0,0576;0,0413;0,078
7,163430;-0,0056;-0,0404;0,0429;0,059
7,169362;0,0042;-0,0447;0,0612;0,076
7,171107;0,0163;-0,0514;0,0652;0,085
7,177469;0,0189;-0,0793;0,0549;0,098
7,183335;0,0571;-0,0549;0,0281;0,084
7,190992;0,0499;-0,0781;0,0229;0,095
7,192014;0,0382;-0,0559;0,0271;0,073
7,198981;0,0124;-0,0554;-0,0350;0,067
7,202037;0,0035;-0,0477;-0,0636;0,080
7,208117;-0,0100;-0,0329;-0,0657;0,074
7,210727;-0,0400;-0,0088;-0,0655;0,077
7,215721;-0,0626;0,0009;-0,0629;0,089
7,222769;-0,0423;0,0224;-0,0531;0,072
7,228642;-0,0436;0,0485;-0,0485;0,081
7,230983;-0,0520;0,0957;-0,0273;0,112
7,236162;-0,0627;0,1379;-0,0087;0,152
7,243647;-0,0782;0,1037;-0,0378;0,135
7,247209;-0,0535;0,0816;0,0068;0,098
7,251128;-0,0148;0,0835;-0,0035;0,085
7,255607;-0,0169;0,0711;0,0078;0,074
7,263284;-0,0073;0,0398;-0,0404;0,057
7,268299;-0,0169;0,0040;0,0141;0,022
7,270901;-0,0194;0,0016;-0,0220;0,029
7,275286;-0,0172;0,0017;-0,0150;0,023
7,285659;-0,0032;0,0088;-0,0675;0,068
7,286444;0,0155;-0,0054;-0,1100;0,111
7,290932;0,0151;0,0185;-0,1168;0,119
7,300494;0,0195;0,0161;-0,1497;0,152
7,302587;0,0313;0,0162;-0,1114;0,117
7,307095;0,0052;0,0496;-0,1068;0,118
7,310792;0,0197;0,1041;-0,0954;0,143
7,332224;-0,0062;0,1155;-0,0864;0,144
7,333691;-0,0271;0,1101;-0,0943;0,147
7,334491;-0,0550;0,1309;-0,0831;0,165
7,334951;-0,0492;0,0661;-0,0860;0,119
7,335474;-0,0793;0,0207;-0,0770;0,112
7,340614;-0,1094;-0,0053;-0,0302;0,114
7,345926;-0,1013;-0,0382;-0,0027;0,108
7,351675;-0,0840;-0,0684;0,0267;0,112
7,355005;-0,0741;-0,1031;0,0204;0,129
7,361872;-0,0811;-0,1329;0,0499;0,163
7,367353;-0,0524;-0,1577;0,0557;0,175
7,369710;-0,0286;-0,1657;0,0496;0,175
7,375907;0,0258;-0,1476;0,0771;0,168
7,381942;0,0562;-0,1201;0,0880;0,159
7,390273;0,0769;-0,0954;0,0824;0,148
7,391174;0,0547;-0,0471;0,0628;0,096
7,396139;0,0638;-0,0112;0,0435;0,078
7,402039;0,0587;0,0435;0,0055;0,073
7,406512;0,0582;0,0881;-0,0013;0,106
7,409799;0,0081;0,0921;-0,0460;0,103
7,414744;-0,0369;0,1078;-0,0762;0,137
7,421307;-0,0387;0,0475;-0,1157;0,131
7,426519;-0,0360;0,0471;-0,1146;0,129
7,430750;-0,0263;0,0040;-0,0688;0,074
7,435028;-0,0095;-0,0291;-0,0830;0,088
7,440791;-0,0094;-0,0310;-0,0381;0,050
7,445686;0,0002;-0,0139;0,0253;0,029
7,449530;0,0526;-0,0135;-0,0211;0,058
7,455321;0,0644;-0,0534;0,0039;0,084
7,461377;0,0335;0,0019;-0,0875;0,094
7,465933;0,0553;0,0308;-0,1142;0,131
7,471394;0,0034;0,0808;-0,1482;0,169
7,474605;-0,0501;0,0973;-0,1585;0,193
7,483973;-0,0390;0,0877;-0,1670;0,193
7,485760;-0,0209;0,0901;-0,1568;0,182
7,500360;-0,0127;0,0191;-0,1164;0,119
7,501203;0,0095;-0,0156;-0,0340;0,039
7,501722;0,0312;-0,0738;0,0214;0,083
7,511574;0,0168;-0,1339;0,0289;0,138
7,512903;0,0025;-0,1437;0,0627;0,157
7,513589;0,0309;-0,1251;0,0824;0,153
7,518786;0,0068;-0,0640;0,1002;0,119
7,525328;-0,0052;-0,0225;0,1422;0,144
7,532384;-0,0099;0,0303;0,1846;0,187
7,533578;0,0092;0,0421;0,1822;0,187
7,540665;-0,0217;0,0727;0,1257;0,147
7,544213;-0,0357;0,0650;0,1031;0,127
7,549974;-0,0591;0,0218;0,1188;0,134
7,553827;-0,0326;0,0097;0,0918;0,098
7,559944;-0,0018;-0,0213;0,0840;0,087
7,565313;-0,0092;-0,0449;0,0643;0,079
7,569644;0,0072;-0,0373;0,0516;0,064
7,574085;0,0067;-0,0274;0,0268;0,039
7,584004;0,0419;-0,0436;0,0281;0,067
7,585038;0,0507;-0,0288;-0,0087;0,059
7,593122;0,0333;-0,0093;0,0047;0,035
7,594666;-0,0029;-0,0233;0,0251;0,034
7,600211;0,0229;-0,0111;0,0526;0,058
7,605722;0,0059;-0,0299;0,0707;0,077
7,609758;0,0033;-0,0082;0,0627;0,063
7,614643;0,0102;-0,0058;0,0242;0,027
7,620699;-0,0255;0,0061;0,0265;0,037
7,624441;-0,0466;0,0250;0,0171;0,056
7,630413;-0,0295;0,0746;0,0648;0,103
7,632932;-0,0172;0,0644;0,0457;0,081
7,639982;0,0069;0,0590;0,0267;0,065
7,643761;0,0167;0,0347;0,0127;0,041
7,649436;0,0146;0,0130;0,0295;0,035
7,654696;0,0270;-0,0014;-0,0394;0,048
7,660543;0,0086;-0,0227;-0,0509;0,056
7,665165;-0,0168;-0,0604;-0,0507;0,081
7,667785;-0,0230;-0,1002;-0,0411;0,111
7,673533;-0,0267;-0,1087;0,0015;0,112
7,679706;-0,0354;-0,1290;-0,0060;0,134
7,682745;-0,0701;-0,1064;0,0173;0,129
7,688432;-0,0833;-0,0888;-0,0092;0,122
7,694412;-0,0610;-0,0832;-0,0049;0,103
7,701401;-0,0841;-0,0302;0,0566;0,106
7,703099;-0,0692;-0,0275;0,0725;0,104
7,707310;-0,0615;-0,0106;0,0742;0,097
7,712737;-0,0376;-0,0010;0,0972;0,104
7,732406;-0,0234;-0,0414;0,0608;0,077
7,736197;-0,0118;-0,0340;0,0723;0,081
7,736850;0,0259;-0,0433;0,0670;0,084
7,737296;0,0585;-0,0454;0,0835;0,112
7,738417;0,0648;-0,0594;0,0857;0,123
7,742989;0,0640;-0,0425;0,0740;0,107
7,746665;0,1037;-0,0044;0,0483;0,114
7,752406;0,0650;0,0404;0,0111;0,077
7,757813;0,0457;0,0374;0,0289;0,066
7,765543;0,0122;0,0035;0,0087;0,015
7,766782;0,0004;0,0388;0,0171;0,042
7,772499;0,0719;0,0168;-0,0339;0,081
7,778022;0,0334;0,0306;-0,0039;0,045
7,783699;-0,0190;0,0087;-0,0147;0,026
7,787442;-0,0736;-0,0225;0,0220;0,080
7,791958;-0,0232;-0,0415;0,0131;0,049
7,801399;0,0221;-0,0128;0,0232;0,035
7,802454;0,0265;-0,0224;0,0094;0,036
7,807453;0,0263;0,0063;-0,0047;0,027
7,811506;0,0568;0,0061;0,0121;0,058
7,818645;0,0848;0,0488;0,0336;0,103
7,823228;0,0650;0,0389;0,0310;0,082
7,825853;0,0431;0,0385;0,0239;0,063
7,832736;0,0615;0,0096;0,0098;0,063
7,838358;0,0225;-0,0238;-0,0304;0,045
7,842742;-0,0068;-0,0190;-0,0226;0,030
7,847202;-0,0170;-0,0047;-0,0507;0,054
7,851894;-0,0390;-0,0143;-0,0285;0,050
7,858306;-0,0085;-0,0333;-0,0258;0,043
7,863266;-0,0069;-0,0307;0,0031;0,032
7,866482;0,0208;-0,0519;0,0175;0,059
7,871505;0,0508;-0,0065;0,0794;0,094
7,878328;0,0784;0,0005;0,1053;0,131
7,882081;0,0583;0,0312;0,0790;0,103
7,885719;0,0363;0,0497;0,0722;0,095
7,891528;0,0361;0,0846;-0,0033;0,092
7,896046;0,0382;0,0979;-0,0710;0,127
7,902308;0,0046;0,0826;-0,0765;0,113
7,905866;-0,0405;0,1031;-0,1225;0,165
7,912449;-0,0497;0,0736;-0,1160;0,146
7,919195;-0,0589;0,0372;-0,0979;0,120
7,920321;-0,0803;0,0131;-0,1159;0,142
7,926675;-0,0540;-0,0180;-0,0840;0,101
7,931012;-0,0544;-0,0724;-0,1119;0,144
7,938922;-0,0499;-0,0837;-0,0876;0,131
7,941536;0,0209;-0,0829;0,0028;0,086
7,946351;0,0343;-0,0796;0,0375;0,095
7,950620;0,0026;-0,1002;0,0959;0,139
7,958139;-0,0145;-0,0851;0,1303;0,156
7,961856;0,0374;-0,0915;0,1552;0,184
7,965047;0,0438;-0,0527;0,1112;0,131
7,970822;0,0242;-0,0310;0,0749;0,085
7,977945;-0,0165;0,0024;0,0604;0,063
7,982725;0,0024;0,0141;0,1105;0,111
7,985184;-0,0218;0,0470;0,0652;0,083
7,993613;-0,0388;0,0154;0,0705;0,082
8,001394;-0,0035;0,0173;0,0379;0,042
8,002434;-0,0090;-0,0045;-0,0133;0,017
8,005493;-0,0122;-0,0025;0,0024;0,013
8,010980;-0,0036;-0,0148;-0,0341;0,037
8,016454;0,0051;-0,0673;-0,0087;0,068
8,021297;-0,0171;-0,0790;0,0024;0,081
8,026599;-0,0036;-0,0551;0,0279;0,062
8,030547;-0,0376;-0,0219;-0,0014;0,044
8,037476;-0,0357;-0,0317;0,0053;0,048
8,041205;-0,0577;-0,0225;-0,0354;0,071
8,046142;-0,0581;0,0294;-0,0213;0,069
8,050269;-0,0682;0,0738;-0,0146;0,101
8,056485;-0,0948;0,0560;-0,0221;0,112
8,061709;-0,0621;0,0503;-0,0226;0,083
8,065873;-0,0322;0,0375;-0,0586;0,077
8,069188;-0,0026;0,0106;-0,0565;0,058
8,075403;0,0171;0,0172;-0,0710;0,075
8,084513;0,0438;0,0237;-0,1211;0,131
8,085583;0,0229;0,0088;-0,1184;0,121
8,090411;0,0591;0,0225;-0,1182;0,134
8,098115;0,0715;0,0242;-0,0967;0,123
8,099202;0,0814;-0,0025;-0,0970;0,127
8,106258;0,0750;0,0091;-0,0739;0,106
8,110278;0,0923;0,0444;-0,0440;0,111
8,114821;0,0717;0,0178;0,0186;0,076
8,121191;0,0537;0,0199;0,0117;0,058
8,126353;0,0310;0,0173;0,0522;0,063
8,130016;-0,0010;0,0052;0,0733;0,073
8,135561;0,0147;0,0193;0,0563;0,061
8,141034;0,1111;0,0166;0,1011;0,151
8,145573;0,1165;0,0093;0,1385;0,181
8,150204;0,0529;0,0731;0,1544;0,179
8,155103;0,0421;0,0509;0,1040;0,123
8,159908;0,0315;0,0503;0,0376;0,070
8,164677;0,0210;0,0282;-0,0070;0,036
8,171236;0,0084;-0,0388;0,0368;0,054
8,175976;0,0032;0,0136;-0,0575;0,059
8,180690;-0,0825;-0,0081;-0,0587;0,102
8,184755;-0,0821;0,0060;-0,0409;0,092
8,188684;-0,0579;-0,0345;0,0051;0,068
8,195201;-0,0100;-0,0772;0,0248;0,082
8,202779;0,0825;-0,1076;0,0443;0,143
8,204966;0,0366;-0,0309;0,0355;0,060
8,208599;0,0291;-0,0357;0,0196;0,050
8,229283;0,0430;-0,0120;-0,0006;0,045
8,230386;0,0733;-0,0455;-0,0108;0,087
8,230929;0,0394;0,0018;-0,0559;0,068
8,231371;-0,0012;-0,0012;-0,0647;0,065
8,235341;-0,0795;-0,0161;-0,1183;0,143
8,239747;-0,1267;-0,0120;-0,1760;0,217
8,244881;-0,1333;-0,0198;-0,2307;0,267
8,248724;-0,1783;-0,0654;-0,2306;0,299
8,255104;-0,1427;-0,0941;-0,2142;0,274
8,259379;-0,1267;-0,1319;-0,2268;0,291
8,265671;-0,1257;-0,1884;-0,1777;0,288
8,269143;-0,1085;-0,2183;-0,1601;0,292
8,274034;-0,0232;-0,2432;-0,1330;0,278
8,279675;0,0372;-0,3131;-0,1202;0,337
8,284679;0,1231;-0,3065;-0,0669;0,337
8,288748;0,1773;-0,3096;-0,0756;0,365
8,294767;0,2787;-0,3055;-0,0482;0,416
8,303314;0,2941;-0,2540;-0,0563;0,393
8,304578;0,3121;-0,2411;-0,0639;0,399
8,310738;0,3708;-0,2189;-0,1184;0,447
8,313413;0,3325;-0,2301;-0,2028;0,452
8,319094;0,2190;-0,2722;-0,1652;0,386
8,323000;0,1685;-0,2474;-0,2725;0,405
8,328716;0,1754;-0,2585;-0,3101;0,440
8,333367;0,1894;-0,2409;-0,2834;0,417
8,339126;0,1579;-0,2710;-0,2571;0,406
8,343471;0,1525;-0,2438;-0,2024;0,352
8,347977;0,1636;-0,2881;-0,1884;0,381
8,355530;0,1482;-0,3013;-0,1221;0,357
8,358056;0,1304;-0,3595;-0,1226;0,402
8,364435;0,1361;-0,4054;-0,1727;0,461
8,367279;0,2103;-0,4414;-0,2367;0,543
8,374109;0,1648;-0,3917;-0,3194;0,532
8,379402;0,1146;-0,4206;-0,3375;0,551
8,385948;0,1832;-0,4849;-0,3555;0,629
8,387035;0,2055;-0,5891;-0,3612;0,721
8,394948;0,3009;-0,6783;-0,4213;0,853
8,401870;0,3288;-0,8024;-0,4779;0,990
8,403036;0,2949;-0,9422;-0,5669;1,138
8,406834;0,2848;-1,1119;-0,6545;1,321
8,412428;0,2889;-1,2421;-0,7008;1,455
8,418505;0,3859;-1,3286;-0,7182;1,559
8,424005;0,4873;-1,4166;-0,6904;1,650
8,427333;0,4650;-1,4587;-0,6868;1,678
8,432769;0,4696;-1,4696;-0,6761;1,684
8,439382;0,4818;-1,4685;-0,7178;1,704
8,444007;0,7012;-1,5409;-0,6546;1,815
8,448151;0,7534;-1,6484;-0,6034;1,910
8,451568;0,6562;-1,7053;-0,7232;1,965
8,458488;0,6288;-1,7973;-0,7918;2,062
8,462514;0,8157;-1,7793;-0,7245;2,087
8,466132;0,7405;-1,7852;-0,6006;2,024
8,471683;0,5853;-1,8219;-0,5157;1,982
8,478418;0,4840;-1,9270;-0,4034;2,027
8,486609;0,4953;-2,0003;-0,2522;2,076
8,487949;0,4533;-2,0804;-0,0107;2,129
8,491431;0,5387;-2,1531;0,1628;2,225
8,500057;0,7301;-2,2160;0,3114;2,354
8,503275;0,5568;-2,3071;0,4083;2,408
8,506136;0,5114;-2,3596;0,4465;2,455
8,512450;0,5102;-2,3712;0,4644;2,469
8,516176;0,4456;-2,3058;0,4924;2,400
8,521394;0,4611;-2,2114;0,5644;2,328
8,526743;0,4108;-2,1814;0,6991;2,327
8,531726;0,1553;-2,1726;0,7845;2,315
8,537844;0,0224;-2,2904;0,7493;2,410
8,542558;-0,2106;-2,3888;0,5343;2,457
8,546503;-0,4533;-2,4917;0,2904;2,549
8,550687;-0,7031;-2,5586;0,1063;2,656
8,558966;-0,9101;-2,5322;0,0422;2,691
8,562070;-1,1631;-2,5347;0,0841;2,790
8,566812;-1,3688;-2,6020;0,0244;2,940
8,571248;-1,5253;-2,6791;0,0717;3,084
8,576994;-1,5705;-2,7830;0,1520;3,199
8,582174;-1,5312;-2,7749;0,1918;3,175
8,588743;-1,6873;-2,7316;0,1819;3,216
8,590158;-1,9624;-2,6437;0,0579;3,293
8,605243;-2,1585;-2,4753;0,0062;3,284
8,607304;-2,2855;-2,2933;0,0243;3,238
8,608334;-2,3796;-2,1409;-0,0437;3,201
8,610871;-2,3047;-1,9413;-0,2224;3,022
8,624453;-2,2280;-1,8689;-0,3454;2,928
8,626800;-2,1443;-1,8874;-0,4277;2,888
8,627760;-1,9529;-1,9656;-0,4796;2,812
8,630139;-1,5171;-2,0960;-0,5135;2,638
8,637035;-1,1182;-2,2426;-0,5729;2,571
8,641112;-0,6239;-2,2882;-0,6844;2,469
8,645626;-0,2660;-2,2305;-0,7356;2,364
8,649893;-0,0677;-2,1389;-0,6882;2,248
8,655637;0,0572;-1,9968;-0,5805;2,080
8,662055;0,2377;-1,7972;-0,5054;1,882
8,666853;0,2873;-1,5761;-0,4266;1,658
8,670357;0,3068;-1,2930;-0,2671;1,355
8,678306;0,3584;-0,9695;-0,0791;1,037
8,682272;0,4757;-0,6895;0,0995;0,844
8,686869;0,4389;-0,4696;0,2089;0,676
8,689785;0,3460;-0,2477;0,2637;0,501
8,696588;0,3715;0,0027;0,1728;0,410
8,705019;0,4218;0,3867;0,1198;0,585
8,706172;0,3988;0,8637;0,1643;0,965
8,710251;0,2426;1,3067;0,2007;1,344
8,716990;0,0772;1,8019;0,2984;1,828
8,720104;-0,0596;2,2895;0,4577;2,336
8,726051;-0,1082;2,7119;0,5521;2,770
8,729734;-0,1549;3,0548;0,6706;3,131
8,736560;-0,2718;3,2776;0,8278;3,391
8,742185;-0,3199;3,4546;1,0288;3,619
8,746266;-0,4067;3,4756;1,1376;3,680
8,749761;-0,3649;3,4271;1,0371;3,599
8,755713;-0,3115;3,3451;0,7867;3,450
8,762086;-0,2131;3,2488;0,5488;3,302
8,765259;-0,2108;3,1193;0,2962;3,140
8,769096;-0,3212;3,0978;0,0714;3,115
8,775764;-0,3701;3,2129;-0,1452;3,237
8,780999;-0,3026;3,3928;-0,2008;3,412
8,787717;-0,2623;3,6685;-0,1555;3,681
8,788775;-0,2464;3,9752;-0,0283;3,983
8,796875;-0,1402;4,3010;0,0853;4,304
8,811298;-0,0340;4,5645;0,0466;4,565
8,814892;-0,0471;4,7778;0,0110;4,778
8,816768;-0,0624;4,9816;0,0165;4,982
8,818853;0,0445;5,0923;-0,0593;5,093
8,820067;0,1401;5,1436;-0,0731;5,146
8,824962;-0,0815;5,0782;0,1785;5,082
8,828791;-0,4316;4,9414;0,5477;4,990
8,835562;-0,6589;4,9030;0,8559;5,021
8,840078;-0,7041;4,9366;1,1703;5,122
8,844877;-0,7082;4,9724;1,5374;5,253
8,850099;-0,7049;5,0583;1,8548;5,434
8,854144;-0,6367;5,1271;2,0852;5,571
8,859507;-0,4127;5,2025;2,2482;5,682
8,864628;-0,1596;5,3036;2,3277;5,794
8,868580;0,2114;5,4039;2,3268;5,887
8,873877;0,4229;5,6158;2,3413;6,099
8,880147;0,4320;5,8482;2,3546;6,319
8,890579;0,2333;6,1394;2,3259;6,569
8,893152;-0,1084;6,3890;2,2431;6,772
8,894378;-0,4645;6,5565;2,0552;6,887
8,911237;-0,7447;6,6160;1,8162;6,901
8,913410;-0,8774;6,6229;1,6470;6,881
8,914722;-0,8363;6,5845;1,5154;6,808
8,915677;-0,8319;6,5082;1,5192;6,735
8,919566;-0,8594;6,4394;1,6198;6,695
8,923207;-0,7682;6,3852;1,8873;6,702
8,928433;-0,5676;6,3072;2,1256;6,680
8,934029;-0,1378;6,1646;2,2638;6,569
8,939223;0,2445;6,0220;2,3192;6,458
8,945070;0,3792;5,8387;2,3375;6,301
8,948781;0,3623;5,8441;2,1926;6,252
8,954827;0,3280;5,9831;1,9822;6,311
8,959438;0,1732;6,3010;1,8138;6,559
8,963410;-0,0761;6,6519;1,6271;6,848
8,968406;-0,5188;6,9162;1,5320;7,103
8,974735;-1,0268;7,2137;1,5997;7,460
8,979441;-1,5487;7,4558;1,7948;7,824
8,988445;-1,8658;7,6977;2,0241;8,175
8,989957;-1,9479;7,7553;2,0986;8,267
8,993858;-1,6734;7,5428;2,0592;7,996
9,000649;-1,1043;7,0366;1,8410;7,357
9,003375;-0,2229;6,5122;1,6561;6,723
9,008505;0,5945;5,9886;1,5142;6,206
9,014240;1,2862;5,6357;1,3404;5,934
9,018972;1,8371;5,5367;1,0295;5,924
9,022883;2,2060;5,8037;0,4158;6,223
9,027036;1,9976;6,1136;-0,1121;6,433
9,034320;1,4272;6,5143;-0,4049;6,681
9,039122;0,8123;6,9366;-0,5521;7,006
9,045063;0,1879;7,4093;-0,8634;7,462
9,047218;-0,5068;7,8753;-1,0869;7,966
9,052104;-1,1134;8,2705;-0,9535;8,399
9,058731;-1,4608;8,6618;-0,3674;8,792
9,063186;-0,8323;9,1449;0,2249;9,185
9,067985;1,1366;9,2029;0,7625;9,304
9,073991;3,0296;8,6565;1,1411;9,242
9,079251;0,2522;7,6952;2,2475;8,021
9,083671;-1,3548;7,3669;3,5765;8,300
9,090272;-1,4376;7,5819;4,2311;8,801
9,091396;-0,9388;7,3515;4,1306;8,485
9,098528;-0,3494;6,5708;3,6275;7,514
9,109341;0,3443;5,5562;3,0301;6,338
9,112489;0,8712;4,5159;2,6827;5,324
9,113887;1,1485;3,7275;2,4959;4,631
9,130013;1,1808;3,2577;2,5056;4,276
9,132420;1,1694;3,1513;2,5924;4,245
9,133250;0,7626;3,0972;2,9602;4,352
9,133871;0,1433;3,0280;3,4568;4,598
9,139973;-0,2762;2,7309;3,7627;4,657
9,142021;-0,5002;2,4688;3,8145;4,571
9,145798;-0,7261;2,2323;3,6200;4,314
9,150746;-0,9403;1,9639;3,0568;3,753
9,158284;-1,1713;1,5754;2,1507;2,912
9,163691;-1,1093;0,9430;1,0034;1,768
9,168391;-1,2542;0,1176;-0,2146;1,278
9,171551;-1,6950;-1,0030;-1,6490;2,569
9,178423;-1,1983;-2,4873;-3,0843;4,140
9,185550;-0,2758;-4,0766;-4,0712;5,768
9,187381;0,4537;-5,1971;-4,4677;6,868
9,190736;0,9236;-5,8024;-4,0830;7,155
9,197851;1,3917;-6,3239;-3,3414;7,287
9,205667;1,6631;-6,7308;-2,3714;7,328
9,207143;1,7919;-7,1597;-1,3492;7,503
9,211332;2,0151;-7,6106;-0,7357;7,907
9,218319;2,1454;-8,2194;-1,0776;8,563
9,222546;1,9186;-9,0785;-2,0781;9,509
9,225793;1,3075;-10,0337;-3,3150;10,648
9,231319;0,9150;-10,8502;-4,3942;11,742
9,241563;0,7124;-11,6549;-5,5376;12,923
9,243092;0,8823;-11,9888;-6,0615;13,463
9,245822;1,3536;-11,8314;-5,9094;13,294
9,251513;2,1266;-11,5116;-5,6818;13,012
9,258287;3,2727;-11,3504;-5,0512;12,847
9,262000;4,5958;-11,3340;-3,7850;12,803
9,265977;6,1761;-11,3361;-2,6093;13,170
9,270802;7,7522;-11,2806;-1,9061;13,820
9,277873;9,3844;-10,8038;-1,8584;14,431
9,282043;10,0960;-10,2834;-2,3637;14,604
9,289027;9,8016;-10,0272;-3,2331;14,390
9,290786;8,6966;-10,0241;-4,6525;14,063
9,298119;7,4359;-10,1942;-5,6797;13,837
9,303875;6,4372;-10,6203;-5,8573;13,731
9,305590;5,2373;-11,1323;-5,9246;13,655
9,310704;4,2962;-11,6726;-5,9429;13,785
9,316018;3,5547;-12,1599;-5,9614;14,001
9,324852;2,7606;-12,4937;-5,6504;13,987
9,326605;2,2886;-12,8228;-5,1822;14,018
9,330112;1,8295;-12,9869;-4,5510;13,882
9,336737;1,3853;-12,8814;-3,8226;13,508
9,343059;1,1809;-12,4254;-3,1671;12,877
9,345957;1,0754;-11,6412;-2,4770;11,950
9,351427;0,4854;-10,6659;-1,7543;10,820
9,356425;-0,0348;-9,6920;-1,1294;9,758
9,361088;-0,2463;-8,6815;-0,7370;8,716
9,366532;-0,4199;-7,7878;-0,5804;7,821
9,369579;-0,9310;-6,9345;-0,6324;7,025
9,376340;-1,4308;-6,2674;-0,9557;6,499
9,381960;-1,7115;-5,7718;-1,2805;6,155
9,389099;-1,9332;-5,5932;-1,2057;6,039
9,390595;-2,0735;-5,7883;-0,9500;6,221
9,396532;-2,1519;-6,1606;-0,6261;6,556
9,401762;-2,1034;-6,6572;-0,4017;6,993
9,405389;-1,9013;-7,0459;-0,2937;7,304
9,410664;-1,6599;-7,2071;-0,3736;7,405
9,415857;-1,5559;-7,1771;-0,5599;7,365
9,421261;-1,3903;-7,2644;-0,6443;7,424
9,426028;-1,0957;-7,3519;-0,6028;7,457
9,429834;-0,7820;-7,5282;-0,6259;7,595
9,434932;-0,7601;-7,7169;-0,7031;7,786
9,440552;-0,5854;-7,8445;-0,6274;7,891
9,445107;-0,1891;-7,9568;-0,7400;7,993
9,449087;0,0746;-8,0849;-1,1214;8,163
9,455519;0,4278;-8,2241;-1,6665;8,402
9,459729;1,0335;-8,3524;-2,2303;8,707
9,465004;1,5567;-8,4864;-2,5961;9,010
9,469054;1,8404;-8,5779;-2,7960;9,208
9,474856;1,9399;-8,5455;-2,8953;9,229
9,479756;1,9920;-8,5493;-2,7227;9,191
9,485129;2,0782;-8,4504;-2,3464;9,013
9,488712;2,2038;-8,2819;-1,8374;8,765
9,495004;1,9148;-8,0438;-1,6741;8,436
9,507507;1,4608;-8,0811;-1,1780;8,296
9,509958;1,2089;-8,3793;-0,4603;8,479
9,510876;1,1162;-8,4859;-0,3832;8,568
9,514234;0,8090;-8,2471;-0,9380;8,340
9,524766;0,1543;-7,3890;-1,8503;7,619
9,526450;-0,2352;-6,2102;-1,7111;6,446
9,527953;-0,1909;-5,0077;-0,5283;5,039
9,534568;0,1554;-3,9496;0,7929;4,031
9,539043;0,3545;-2,8634;1,6505;3,324
9,545063;0,5066;-1,6001;2,7600;3,230
9,547552;0,1661;-0,1335;4,4850;4,490
9,554235;-0,2936;1,3821;6,1186;6,280
9,559656;-0,5421;2,4830;7,1870;7,623
9,564424;-1,5657;4,0145;7,9954;9,083
9,567649;-2,4195;5,4752;8,0377;10,022
9,573730;-2,3934;6,2220;7,1424;9,770
9,580273;-1,3356;6,3364;6,3178;9,047
9,591951;1,0640;6,0716;7,1794;9,463
9,593392;4,4025;5,8955;10,2639;12,629
9,594144;5,8748;6,5380;13,6373;16,225
9,603930;3,8038;8,6325;15,0128;17,731
9,605397;1,7764;13,4989;14,8217;20,126
9,608382;-0,0727;20,2502;14,3012;24,791
9,614362;-2,5496;27,1670;14,2063;30,763
9,618786;-4,8559;30,8550;12,9602;33,817
9,625228;-5,4523;30,3157;7,7845;31,771
9,627397;-1,9419;27,5007;1,4107;27,605
9,632382;1,2740;24,1864;-4,5713;24,648
9,638517;3,3723;21,4772;-8,0348;23,178
9,644667;2,7630;18,7531;-8,9145;20,947
9,648547;0,9449;16,1222;-8,5854;18,290
9,653919;1,1853;13,5737;-7,5957;15,600
9,659129;-1,9328;11,0972;-7,3711;13,462
9,663923;-3,6227;9,0504;-7,2323;12,138
9,668853;-3,1521;7,4417;-7,7035;11,165
9,673917;-1,9723;6,1820;-7,9393;10,254
9,677966;-2,0815;5,2419;-7,5640;9,435
9,685726;-2,9912;4,7261;-6,1893;8,342
9,688335;-3,6666;4,6405;-4,4205;7,384
9,693134;-4,1185;4,8901;-2,7412;6,956
9,699196;-4,4218;4,9864;-1,2757;6,786
9,710578;-4,2065;4,5943;-0,1509;6,231
9,712997;-3,7431;3,8430;1,0684;5,470
9,713953;-3,4123;3,1341;2,5972;5,311
9,729682;-3,0100;2,5787;4,4888;5,988
9,731273;-2,6596;2,1918;6,6350;7,477
9,732876;-2,1901;1,8448;8,1762;8,663
9,733590;-1,8976;1,5057;8,6700;9,002
9,737247;-1,4917;1,2173;8,4169;8,634
9,742891;-1,0118;0,9439;7,7654;7,888
9,746720;-0,2134;0,8271;7,0252;7,077
9,751403;0,7323;0,8626;6,4482;6,547
9,757707;1,1823;0,9882;6,0762;6,269
9,762691;1,0360;1,1825;5,8085;6,018
9,768184;0,6106;1,3473;5,5232;5,718
9,771057;0,0312;1,5136;5,0051;5,229
9,779143;-0,6751;1,6099;4,2377;4,583
9,783387;-1,2540;1,6032;3,3013;3,878
9,786752;-1,4338;1,6308;2,2543;3,130
9,791620;-1,0974;1,7023;1,5170;2,531
9,797542;-0,6730;1,8328;0,7814;2,103
9,807355;-0,2506;1,8768;0,1802;1,902
9,808790;-0,1328;1,8491;-0,2995;1,878
9,813947;-0,1086;1,7238;-0,7428;1,880
9,821583;0,0611;1,5182;-1,0622;1,854
9,822856;0,2830;1,3786;-1,3908;1,979
9,826451;0,2005;1,2692;-1,6002;2,052
9,830769;0,0882;1,0896;-1,7580;2,070
9,837526;0,0239;0,9451;-1,8720;2,097
9,841287;0,0185;0,8906;-1,8106;2,018
9,845912;0,1550;0,7656;-1,9058;2,060
9,852613;0,5152;0,5437;-2,1669;2,293
9,857522;0,5727;0,4354;-2,4310;2,535
9,862814;0,4309;0,4980;-2,6092;2,691
9,866629;0,0168;0,6640;-2,7944;2,872
9,871327;-0,5638;0,8999;-2,8814;3,071
9,878756;-0,8781;1,1123;-3,0210;3,337
9,882342;-0,9192;1,2321;-3,0082;3,378
9,891061;-0,8018;1,2954;-2,8818;3,260
9,893620;-0,5276;1,2784;-2,4416;2,806
9,897345;-0,3592;1,0951;-1,8981;2,221
9,913188;-0,3654;0,8029;-1,3514;1,614
9,914888;-0,1680;0,4952;-1,0983;1,216
9,915743;0,2089;0,1339;-0,8824;0,917
9,918041;0,6295;-0,1472;-0,7250;0,971
9,921385;1,0013;-0,4152;-0,5850;1,232
9,926160;1,0929;-0,6321;-0,3855;1,320
9,929768;1,1131;-0,8555;-0,2473;1,426
9,936164;1,0981;-1,1048;-0,2299;1,575
9,940233;1,0620;-1,2795;-0,2749;1,685
9,945602;1,0672;-1,4013;-0,2771;1,783
9,950755;0,9842;-1,5637;-0,2457;1,864
9,955932;0,8443;-1,7547;-0,1927;1,957
9,962159;0,6015;-1,9289;-0,1610;2,027
9,965092;0,3222;-2,0647;-0,1215;2,093
9,970000;0,0680;-2,0859;-0,1048;2,090
9,977125;-0,0535;-2,0475;-0,1326;2,052
9,980310;0,0340;-1,9209;-0,1355;1,926
9,989742;0,2064;-1,7876;-0,0899;1,802
9,991023;0,1501;-1,8436;0,1574;1,856
9,997895;0,0517;-1,9547;0,2761;1,975
10,004575;-0,0464;-2,1017;0,2755;2,120
10,005793;-0,1583;-2,3083;0,3135;2,335
10,010471;-0,1979;-2,5675;0,2946;2,592
10,015408;-0,0579;-2,8360;0,1208;2,839
10,020802;0,0034;-3,0278;-0,0692;3,029
10,025829;0,0247;-3,1118;-0,1272;3,115
10,029179;0,0516;-3,1816;-0,1509;3,186
10,036309;-0,0806;-3,1559;-0,1543;3,161
10,040205;-0,2257;-3,1092;-0,2614;3,128
10,045931;-1,0993;-3,6224;-0,5322;3,823
10,049292;-0,9295;-3,2671;-0,7686;3,483
10,056718;-0,7935;-2,7641;-0,9014;3,014
10,061562;-0,4995;-2,3336;-1,2153;2,678
10,066182;-0,6174;-2,1472;-1,5585;2,724
10,069743;-1,1210;-2,2378;-1,7080;3,030
10,075986;-1,6055;-2,2749;-1,6954;3,260
10,081475;-1,6197;-2,2704;-1,7956;3,317
10,086901;-1,5421;-2,1743;-1,8917;3,269
10,090400;-1,5157;-2,0294;-1,8334;3,127
10,095435;-1,5408;-1,8432;-1,7569;2,976
10,100409;-1,5957;-1,7281;-1,6000;2,845
10,111588;-1,5970;-1,6459;-1,3308;2,652
10,113877;-1,5543;-1,6685;-0,9656;2,476
10,116019;-1,4275;-1,6597;-0,6017;2,270
10,131530;-1,3172;-1,4932;-0,1755;1,999
10,133552;-0,8385;-1,1766;0,1779;1,456
10,134342;-0,1727;-0,8468;0,4763;0,987
10,138653;0,2339;-0,6021;0,6583;0,922
10,139711;0,7486;-0,6720;0,5307;1,137
10,143176;0,5902;-0,2788;0,4946;0,819
10,149059;0,7011;-0,0159;0,3677;0,792
10,154332;0,8925;0,1005;0,1585;0,912
10,159709;0,8782;0,2356;0,1655;0,924
10,164449;0,8449;0,2675;0,3480;0,952
10,169325;0,8502;0,2822;0,5406;1,046
10,175330;0,8740;0,2823;0,7724;1,200
10,179588;0,8587;0,3537;0,8786;1,278
10,187326;0,8683;0,4388;0,8407;1,286
10,188837;0,8524;0,5401;0,7235;1,242
10,195041;0,8397;0,7339;0,5700;1,252
10,200835;0,7939;0,9199;0,3393;1,262
10,207239;0,7725;1,2129;0,1841;1,450
10,208764;0,6988;1,5078;0,1018;1,665
10,214769;0,5418;1,7734;0,1041;1,857
10,220891;0,3949;1,9237;0,0808;1,966
10,224828;0,2123;1,8779;0,0384;1,890
10,228599;0,0487;1,7271;-0,0217;1,728
10,235059;-0,0434;1,5172;-0,0304;1,518
10,239537;-0,2439;1,3248;0,0045;1,347
10,244761;-0,2228;1,1715;-0,0224;1,193
10,248590;-0,1363;1,0669;-0,0661;1,078
10,254326;-0,0418;0,9942;0,0264;0,995
10,259474;-0,0275;0,8505;0,0926;0,856
10,265453;0,0646;0,6930;0,1691;0,716
10,268504;0,2205;0,5624;0,1608;0,625
10,274303;0,3711;0,4154;0,0346;0,558
10,278545;0,4904;0,2567;-0,1303;0,569
10,284392;0,5024;0,1726;-0,2884;0,604
10,290830;0,4360;0,1150;-0,3579;0,576
10,293993;0,2986;0,0766;-0,3006;0,431
10,299369;0,2214;0,0930;-0,2978;0,383
10,305492;0,1207;0,0806;-0,3994;0,425
10,308473;-0,0539;0,0583;-0,4736;0,480
10,313797;-0,1061;0,0239;-0,6137;0,623
10,318427;-0,2084;0,0205;-0,7413;0,770
10,323092;-0,2870;0,0338;-0,7609;0,814
10,327905;-0,4259;0,0016;-0,6896;0,811
10,333909;-0,5631;-0,0138;-0,5730;0,803
10,338355;-0,5627;-0,0221;-0,3584;0,668
10,343943;-0,5158;-0,0304;-0,1273;0,532
10,347558;-0,4415;-0,0150;0,0755;0,448
10,353094;-0,3396;-0,0142;0,2764;0,438
10,359551;-0,3345;0,0102;0,3799;0,506
10,364445;-0,3398;-0,0184;0,3240;0,470
10,366934;-0,3122;-0,0710;0,1875;0,371
10,373902;-0,2924;-0,1260;0,0323;0,320
10,379246;-0,2561;-0,2096;-0,0201;0,332
10,384470;-0,1858;-0,2739;-0,0226;0,332
10,390464;-0,2538;-0,2136;0,0848;0,342
10,394332;-0,2614;-0,1678;0,1896;0,364
10,399677;-0,2156;-0,1722;0,2465;0,370
10,402805;-0,1693;-0,2052;0,3294;0,423
10,407571;-0,1009;-0,2668;0,4239;0,511
10,412900;-0,0967;-0,3235;0,4919;0,597
10,417940;-0,0417;-0,3633;0,5022;0,621
10,424243;-0,0005;-0,3959;0,5341;0,665
10,427186;0,0222;-0,3948;0,4701;0,614
10,431947;-0,0170;-0,3602;0,3987;0,538
10,438646;-0,0461;-0,2848;0,3579;0,460
10,446664;-0,0871;-0,2094;0,3600;0,425
10,447423;-0,0732;-0,0742;0,3810;0,395
10,452322;-0,1073;0,0415;0,4046;0,421
10,458167;-0,1344;0,1211;0,4000;0,439
10,463188;-0,1827;0,1550;0,3340;0,411
10,467028;-0,2502;0,4086;0,3166;0,574
10,471416;-0,2342;0,5614;0,2325;0,651
10,478046;-0,2518;0,6684;0,2494;0,757
10,482787;-0,3317;0,6893;0,1847;0,787
10,491556;-0,3233;0,6338;0,1747;0,733
10,492752;-0,3659;0,5856;0,1211;0,701
10,498611;-0,4641;0,6645;0,1024;0,817
10,511250;-0,5563;0,7339;0,1139;0,928
10,512553;-0,6881;0,8537;0,1173;1,103
10,513085;-0,7615;0,8228;0,1082;1,126
10,516129;-0,7625;0,7704;0,0007;1,084
10,521838;-0,6455;0,7229;-0,0759;0,972
10,526674;-0,4605;0,6968;-0,1356;0,846
10,531231;-0,2385;0,5991;-0,2286;0,684
10,537516;-0,1465;0,4799;-0,2139;0,545
10,541777;-0,1122;0,3560;-0,1943;0,421
10,545420;-0,0514;0,1915;-0,0929;0,219
10,550416;-0,0213;0,0845;0,0282;0,092
10,555335;0,0092;-0,0084;0,1739;0,174
10,562621;-0,0004;-0,0655;0,2368;0,246
10,565530;-0,0288;-0,0726;0,2718;0,283
10,570514;-0,0808;-0,0512;0,1997;0,221
10,577038;-0,1183;-0,0369;0,1708;0,211
10,581865;-0,0960;-0,0154;0,1272;0,160
10,588863;-0,0525;-0,0441;0,0402;0,079
10,590561;0,0434;-0,1036;-0,0210;0,114
10,596431;0,1007;-0,0910;0,0080;0,136
10,601295;0,1600;-0,1261;0,0746;0,217
10,613474;0,2740;-0,1229;0,0930;0,314
10,615046;0,3711;-0,1220;0,1639;0,424
10,615759;0,4037;-0,1379;0,1800;0,463
10,637497;0,3839;-0,1849;0,1629;0,456
10,639323;0,3814;-0,2368;0,1174;0,464
10,639904;0,3866;-0,3125;0,0673;0,502
10,640845;0,3302;-0,3571;0,0007;0,486
10,641276;0,3080;-0,4135;-0,0013;0,516
10,644399;0,2767;-0,4579;-0,0176;0,535
10,650368;0,2483;-0,4497;0,0189;0,514
10,654585;0,1386;-0,4033;0,1250;0,444
10,661102;0,1225;-0,3523;0,2123;0,429
10,665753;0,0561;-0,2823;0,2400;0,375
10,670439;0,0654;-0,1898;0,2333;0,308
10,677560;0,0743;-0,1742;0,1843;0,264
10,681964;0,0259;-0,1328;0,0889;0,162
10,689012;0,0419;-0,0635;0,0639;0,099
10,690182;-0,0066;-0,0401;0,0253;0,048
10,696994;-0,0214;-0,0146;0,0495;0,056
10,701511;-0,0028;0,0674;0,0743;0,100
10,708624;-0,0054;0,0630;0,0472;0,079
10,709783;-0,0765;0,0824;0,0255;0,115
10,717487;-0,1396;0,1205;0,1204;0,220
10,721424;-0,2495;0,1796;0,0438;0,311
10,727080;-0,2730;0,3096;0,0103;0,413
10,729015;-0,2228;0,4695;-0,0213;0,520
10,735863;-0,2206;0,5217;0,0436;0,568
10,740949;-0,2731;0,5451;0,1072;0,619
10,746174;-0,3209;0,4379;0,1221;0,556
10,749658;-0,2597;0,3341;0,1105;0,437
10,755682;-0,0897;0,2525;0,0797;0,280
10,759362;-0,0209;0,1931;-0,0270;0,196
10,765935;0,0408;0,1650;-0,1208;0,209
10,769770;0,0358;0,1301;-0,2470;0,281
10,775902;0,0717;0,0884;-0,3368;0,356
10,780902;0,0271;0,0993;-0,4142;0,427
10,785052;0,0167;0,1031;-0,3939;0,407
10,791492;-0,0619;0,0999;-0,2837;0,307
10,796844;-0,0776;0,0848;-0,1721;0,207
10,801969;-0,0383;0,1386;-0,0256;0,146
10,806051;-0,0609;0,2039;0,0890;0,231
10,810193;-0,1640;0,2613;0,2078;0,372
10,815659;-0,1881;0,3586;0,2617;0,482
10,821671;-0,2194;0,4335;0,3250;0,585
10,826324;-0,2628;0,5006;0,3169;0,648
10,829203;-0,2709;0,5671;0,2783;0,687
10,835321;-0,2794;0,5997;0,2211;0,698
10,840320;-0,2362;0,5821;0,1454;0,645
10,845583;-0,2509;0,5243;0,1440;0,599
10,849247;-0,1995;0,4836;0,0856;0,530
10,854112;-0,1514;0,4242;0,0610;0,455
10,859073;-0,1185;0,3630;0,0484;0,385
10,864107;-0,0600;0,2951;0,0644;0,308
10,869053;-0,0115;0,2278;0,0850;0,243
10,874932;0,0390;0,1397;0,0674;0,160
10,878740;-0,0104;0,0571;0,0665;0,088
10,885002;-0,0472;-0,0081;0,0820;0,095
10,891946;-0,0742;-0,0704;0,1259;0,162
10,894956;-0,0749;-0,1203;0,1528;0,208
10,899428;-0,0660;-0,1294;0,1202;0,189
10,906080;-0,0141;-0,1670;0,1234;0,208
10,909057;-0,0266;-0,1591;0,1195;0,201
10,914754;-0,0103;-0,1489;0,0921;0,175
10,917816;0,0157;-0,1555;0,0578;0,167
10,922968;0,0034;-0,0979;0,0451;0,108
10,928881;0,0174;-0,0431;0,0276;0,054
10,934417;0,0312;0,0043;-0,0185;0,036
10,939581;0,0946;-0,0129;0,0187;0,097
10,944769;0,1504;0,0367;-0,0018;0,155
10,948263;0,1773;0,0099;0,0016;0,178
10,953819;0,2064;0,0119;-0,0118;0,207
10,958434;0,2022;-0,0098;-0,0443;0,207
10,962441;0,1796;-0,0954;-0,0006;0,203
10,967699;0,1622;-0,1541;-0,0072;0,224
10,973479;0,1382;-0,1910;0,0147;0,236
10,978482;0,1813;-0,2513;0,0152;0,310
10,983912;0,1200;-0,2257;0,0631;0,263
10,991639;0,0951;-0,2264;0,0087;0,246
10,996932;0,0542;-0,2484;0,0187;0,255
10,999633;0,0494;-0,2584;0,0406;0,266
11,006358;0,0686;-0,2778;0,0575;0,292
11,007427;0,0711;-0,2637;0,0078;0,273
11,014557;0,0903;-0,2997;-0,0369;0,315
11,018377;0,1712;-0,2664;0,0303;0,318
11,024138;0,2136;-0,2168;0,0330;0,306
11,027066;0,2228;-0,1226;0,0808;0,267
11,033680;0,2205;-0,0244;0,0905;0,240
11,040211;0,2067;0,1560;0,1050;0,279
11,048392;0,1506;0,2968;0,1290;0,357
11,049153;0,0310;0,4507;0,1434;0,474
11,052493;-0,0356;0,5487;0,1627;0,573
11,058695;-0,0996;0,5414;0,1533;0,571
11,062275;-0,1137;0,5223;0,1154;0,547
11,067024;-0,1237;0,5104;0,0991;0,534
11,072252;-0,1246;0,4868;0,0876;0,510
11,079113;-0,1023;0,4302;0,0785;0,449
11,084641;-0,0310;0,3551;0,0693;0,363
11,086947;0,0155;0,2806;0,1314;0,310
11,092599;0,1255;0,1782;0,1361;0,257
11,098631;0,2012;0,1455;0,1148;0,274
11,103217;0,2599;0,1272;0,0821;0,301
11,115127;0,2373;0,0972;0,0805;0,269
11,116968;0,2483;0,0864;0,0459;0,267
11,117659;0,2214;0,1041;0,0713;0,255
11,138364;0,2117;0,1072;0,0614;0,245
11,140213;0,1714;0,1174;0,0612;0,217
11,142146;0,1600;0,0870;0,0615;0,192
11,142672;0,1063;0,1279;-0,0113;0,167
11,143131;0,0651;0,0902;-0,0786;0,136
11,145855;-0,0490;0,0384;-0,1309;0,145
11,151339;-0,0815;0,0038;-0,1972;0,213
11,157761;-0,1566;-0,0305;-0,2656;0,310
11,161771;-0,1577;-0,0644;-0,2982;0,343
11,165474;-0,1066;-0,1501;-0,3144;0,364
11,171353;-0,1391;-0,1732;-0,2502;0,335
11,177173;-0,0981;-0,2554;-0,1753;0,325
11,181714;-0,0435;-0,2939;-0,1681;0,341
11,185439;0,0433;-0,3225;-0,0831;0,336
11,190587;0,1033;-0,3151;-0,1132;0,350
11,197651;0,0698;-0,3146;-0,1795;0,369
11,202028;0,1028;-0,2926;-0,2057;0,372
11,212680;0,1049;-0,1851;-0,1921;0,287
11,213788;0,0497;-0,0877;-0,1722;0,200
11,219146;0,0448;-0,0361;-0,0581;0,082
11,225691;0,0327;0,0413;0,0523;0,074
11,226677;0,0256;0,0967;0,1688;0,196
11,231166;0,0661;0,1135;0,1494;0,199
11,239339;0,1968;0,1540;0,0850;0,264
11,241870;0,3442;0,0398;-0,1805;0,391
11,246213;0,3513;0,0926;-0,0517;0,367
11,250649;0,5143;0,0237;-0,3125;0,602
11,257865;0,4377;0,0739;-0,1146;0,458
11,261333;0,4076;0,1402;-0,0221;0,432
11,265403;0,1643;0,2484;0,0894;0,311
11,270682;-0,1133;0,3769;0,2337;0,458
11,276784;-0,2830;0,5421;0,3109;0,686
11,281224;-0,3247;0,6703;0,3211;0,811
11,286083;-0,2321;0,7049;0,3144;0,806
11,293044;-0,0724;0,6752;0,2480;0,723
11,300201;0,1354;0,5745;0,3388;0,681
11,302647;0,2537;0,4461;0,3576;0,625
11,307302;0,3072;0,3520;0,2625;0,536
11,309844;0,2492;0,2421;0,1302;0,371
11,315380;0,0542;0,1544;-0,0271;0,166
11,320538;-0,0823;0,0913;-0,1500;0,194
11,330750;-0,1276;0,0312;-0,1914;0,232
11,332039;-0,0800;-0,0593;-0,2445;0,264
11,336197;0,0503;-0,1514;-0,2474;0,294
11,341257;0,1823;-0,2308;-0,2407;0,380
11,345327;0,3590;-0,2383;-0,2959;0,523
11,349900;0,4262;-0,2243;-0,3697;0,607
11,356455;0,3443;-0,1487;-0,4929;0,619
11,362491;0,1810;-0,0380;-0,5562;0,586
11,367305;-0,0659;0,0507;-0,5294;0,536
11,370126;-0,3132;0,1151;-0,4181;0,535
11,375257;-0,3857;0,1672;-0,1704;0,454
11,382112;-0,3228;0,1881;0,0608;0,378
11,385289;-0,3705;0,1589;0,1714;0,438
11,394795;-0,3642;0,0443;0,3098;0,480
11,395949;-0,2994;-0,0124;0,4831;0,568
11,402340;-0,2122;-0,0521;0,4392;0,491
11,407930;-0,1214;-0,0442;0,3415;0,365
11,409214;0,0159;-0,0126;0,2544;0,255
11,416449;0,1072;0,0448;0,1846;0,218
11,420529;-0,0087;0,0281;0,1772;0,180
11,426341;-0,0830;-0,0431;0,2129;0,233
11,429546;-0,0973;-0,1044;0,3460;0,374
11,435732;-0,0164;-0,1678;0,5005;0,528
11,440592;0,0332;-0,2667;0,4887;0,558
11,445191;-0,0005;-0,3223;0,3167;0,452
11,449039;-0,0482;-0,3374;0,2276;0,410
11,455451;-0,0528;-0,3144;0,1113;0,338
11,461316;-0,0263;-0,1944;-0,0774;0,211
11,464983;-0,0450;-0,0659;-0,2433;0,256
11,469490;-0,1062;0,0379;-0,2893;0,311
11,473462;-0,1432;0,0793;-0,2926;0,335
11,480970;-0,1275;0,1442;-0,1802;0,264
11,485157;-0,0977;0,1397;-0,0021;0,170
11,488907;-0,0276;0,0378;0,1414;0,149
11,494918;0,0185;-0,0110;0,1914;0,193
11,500107;0,0309;-0,0144;0,1272;0,132
11,507704;0,0197;0,0512;0,0134;0,056
11,509222;-0,0675;0,0760;-0,0762;0,127
11,514765;-0,1160;0,1008;-0,0920;0,179
11,517833;-0,0477;0,1468;-0,0724;0,171
11,532474;-0,0059;0,1901;-0,0196;0,191
11,534229;0,0453;0,1545;-0,0192;0,162
11,534985;0,0653;0,0766;-0,0284;0,105
11,556525;0,0378;0,0088;-0,1016;0,109
11,558239;0,0511;-0,0418;-0,2171;0,227
11,559704;0,0454;-0,1132;-0,2584;0,286
11,560397;0,0019;-0,1198;-0,3449;0,365
11,561138;-0,0790;-0,1023;-0,3721;0,394
11,563457;-0,0381;-0,0159;-0,2598;0,263
11,567543;0,0336;0,0841;-0,0848;0,124
11,572495;0,0670;0,2189;0,0888;0,246
11,578507;0,0411;0,2647;0,1874;0,327
11,585182;-0,0699;0,3647;0,1976;0,421
11,587893;-0,2394;0,3949;0,1890;0,499
11,595209;-0,3413;0,3750;0,1736;0,536
11,599387;-0,3573;0,3860;0,1512;0,547
11,604192;-0,2906;0,2758;0,1458;0,426
11,615711;-0,1939;0,1641;0,2073;0,328
11,617178;-0,0553;0,0436;0,2666;0,276
11,620207;0,0873;-0,0334;0,3452;0,358
11,625718;0,1319;-0,1812;0,2364;0,326
11,627271;0,1078;-0,2400;0,0532;0,268
11,634086;0,3893;-0,1418;0,0808;0,422
11,639317;0,3138;-0,2771;-0,1383;0,441
11,643105;-0,2002;-0,1858;-0,0587;0,279
11,647119;-0,3333;-0,1285;0,0249;0,358
11,654619;-0,1977;-0,0336;0,0389;0,204
11,660499;-0,2039;0,0891;0,0546;0,229
11,664265;-0,2655;0,1586;0,0487;0,313
11,667361;-0,2249;0,1255;-0,0811;0,270
11,672970;-0,2135;0,0833;-0,2294;0,324
11,678011;-0,1904;0,0441;-0,3321;0,385
11,684709;-0,2318;-0,0111;-0,4897;0,542
11,687468;-0,2493;-0,0609;-0,4546;0,522
11,692415;-0,1959;-0,0672;-0,3044;0,368
11,700364;-0,1360;-0,0664;-0,1176;0,192
11,704533;-0,1101;-0,0419;0,0181;0,119
11,711696;-0,1249;-0,0058;0,0913;0,155
11,712879;-0,1420;0,0108;0,0741;0,161
11,717923;-0,0998;0,0343;0,1596;0,191
11,726475;-0,0366;0,0337;0,2354;0,241
11,727547;0,0784;0,0663;0,2825;0,301
11,732337;0,1095;0,0818;0,3035;0,333
11,738832;0,1572;0,1090;0,3294;0,381
11,743669;0,1905;0,1099;0,2555;0,337
11,746412;0,1456;0,0727;0,1776;0,241
11,751241;0,0893;0,0857;0,0932;0,155
11,758652;0,0810;0,0393;-0,0049;0,090
11,763295;0,0112;-0,0185;-0,1786;0,180
11,766217;-0,1365;-0,0946;-0,2209;0,276
11,775130;-0,1646;-0,1106;-0,2896;0,351
11,777182;-0,1451;-0,1001;-0,3370;0,380
11,782070;-0,1495;-0,0373;-0,3515;0,384
11,786622;-0,1897;0,0394;-0,2574;0,322
11,791367;-0,1868;0,0847;-0,1762;0,270
11,797787;-0,1625;0,1107;-0,0818;0,213
11,802314;-0,1265;0,1555;0,0262;0,202
11,812586;-0,1170;0,1358;0,0976;0,204
11,813938;-0,0579;0,1043;0,0405;0,126
11,817599;-0,0660;0,0540;-0,0114;0,086
11,842625;-0,0409;0,0114;-0,0583;0,072
11,843553;0,0385;0,0190;0,0350;0,055
11,844104;0,1150;0,0266;0,0755;0,140
11,844565;0,0914;0,0245;0,1015;0,139
11,844976;0,1251;0,0414;0,1490;0,199
11,845986;0,1162;0,0699;0,1111;0,175
11,851029;0,0528;0,1266;0,0927;0,166
11,857303;0,0805;0,1043;0,0939;0,162
11,862219;0,1033;0,1392;0,1427;0,224
11,866775;0,1070;0,1477;0,1509;0,237
11,870703;0,0397;0,1156;0,1332;0,181
11,880658;0,0035;0,0410;0,1300;0,136
11,881893;0,0576;0,0027;0,0534;0,079
11,885883;0,0708;-0,0781;-0,1391;0,175
11,893948;0,0812;-0,1343;-0,1879;0,245
11,896327;0,0416;-0,1568;-0,1915;0,251
11,901712;0,0211;-0,1624;-0,1786;0,242
11,907818;0,0340;-0,1347;-0,1254;0,187
11,911019;0,0066;-0,0859;-0,0704;0,111
11,916255;0,0103;0,0052;-0,0799;0,081
11,920217;-0,0382;0,0340;-0,0516;0,073
11,926594;-0,0911;0,1219;-0,0427;0,158
11,931391;-0,1388;0,1046;-0,0031;0,174
11,937288;-0,1315;0,0947;0,0452;0,168
11,941590;-0,1552;0,1111;0,1499;0,243
11,945863;-0,1147;0,0656;0,2135;0,251
11,950443;-0,1101;-0,0009;0,1980;0,227
11,957593;-0,0892;-0,0526;0,1565;0,188
11,962350;-0,0402;-0,1181;0,0774;0,147
11,965455;-0,0061;-0,1973;0,0511;0,204
11,969626;0,0635;-0,2473;0,0796;0,267
11,976666;0,0781;-0,2186;0,1081;0,256
11,980266;0,0928;-0,1926;0,1272;0,249
11,985833;0,0436;-0,1219;0,0944;0,160
11,991547;-0,0120;-0,0446;0,0312;0,056
11,996472;-0,0956;0,0011;-0,0123;0,096
12,001627;-0,1834;0,0915;-0,1078;0,232
12,012106;-0,2706;0,1553;-0,5687;0,649
12,013114;-0,3761;0,2689;-1,1680;1,256
12,018818;-0,1578;0,2468;-0,5412;0,615
12,021288;-0,0740;0,1655;-0,0504;0,188
12,025988;-0,1024;0,0682;0,2561;0,284
12,029534;-0,1047;-0,0569;0,4065;0,424
12,035122;-0,0649;-0,1242;0,3805;0,405
12,040579;0,0311;-0,1698;0,4288;0,462
12,047558;0,1283;-0,1772;0,4559;0,506
12,049389;0,1916;-0,1703;0,3503;0,434
12,057748;0,1930;-0,1376;0,2557;0,349
12,061426;0,2305;-0,0839;0,1789;0,304
12,065520;0,2305;-0,0283;0,1459;0,274
12,069521;0,1861;0,0528;0,1634;0,253
12,076181;0,2184;0,1522;0,1790;0,321
12,080451;0,1680;0,2814;0,2685;0,424
12,083646;0,0752;0,3595;0,3057;0,478
12,090384;0,0234;0,3657;0,2575;0,448
12,095756;0,0144;0,3550;0,1672;0,393
12,100604;-0,0282;0,3184;0,0586;0,325
12,104699;-0,0396;0,2322;0,0459;0,240
12,112198;0,1365;0,1918;0,1709;0,291
12,116920;0,6545;0,2300;0,3572;0,780
12,119457;0,8427;-0,0362;0,2511;0,880
12,124714;0,3088;-0,1793;0,1870;0,403
12,129958;-0,1720;-0,2144;0,0735;0,285
12,135546;0,1557;-0,1874;0,0107;0,244
12,140698;0,1058;-0,2936;-0,1207;0,335
12,145000;-0,3624;-0,2420;-0,2849;0,521
12,149215;-0,4863;-0,1597;-0,3609;0,626
12,154636;-0,2275;-0,1159;-0,2972;0,392
